profile,profile_key,latitude,longitude,reference_short
FA13B,57,66.1812,-39.043499,Koenig et al. (2014)
PARCA_6348_1998,64,63.0,-48.0,Mosley-Thompson et al. (2001)
PARCA_SDOMEB_1997,65,63.149,-44.817001,Mosley-Thompson et al. (2001)
NA,66,63.8,-45.0,Mosley-Thompson et al. (2001)
PARCA_NDYE3B_1997,67,66.0,-44.500999,Mosley-Thompson et al. (2001)
PARCA_6642B_1998,68,66.5,-42.5,Mosley-Thompson et al. (2001)
PARCA_6745_1998,69,67.5,-45.0,Mosley-Thompson et al. (2001)
PARCA_6841_1998,70,68.0,-41.0,Mosley-Thompson et al. (2001)
PARCA_6839_1998,71,68.5,-39.5,Mosley-Thompson et al. (2001)
PARCA_6945_1998,72,69.0,-45.0,Mosley-Thompson et al. (2001)
PARCA_6938_1998,73,69.0,-38.0,Mosley-Thompson et al. (2001)
PARCA_6943_1998,74,69.2,-43.0,Mosley-Thompson et al. (2001)
PARCA_6941_1998,75,69.4,-41.0,Mosley-Thompson et al. (2001)
PARCA_STUNUC_1997,76,69.5,-34.5,Mosley-Thompson et al. (2001)
PARCA_6939_1998,77,69.6,-39.0,Mosley-Thompson et al. (2001)
PARCA_7147_1997,78,71.05,-47.23,Mosley-Thompson et al. (2001)
NA,79,71.05,-47.23,Mosley-Thompson et al. (2001)
PARCA_7145_1998,80,71.5,-45.0,Mosley-Thompson et al. (2001)
PARCA_7247_1997,81,71.926,-47.487,Mosley-Thompson et al. (2001)
NA,82,71.926,-47.487,Mosley-Thompson et al. (2001)
PARCA_7249_1998,83,72.2,-49.400002,Mosley-Thompson et al. (2001)
PARCA_7245_1998,84,72.25,-45.0,Mosley-Thompson et al. (2001)
PARCA_7345_1998,85,73.0,-45.0,Mosley-Thompson et al. (2001)
PARCA_7347_1998,86,73.6,-47.200001,Mosley-Thompson et al. (2001)
PARCA_7551_1997,87,75.0,-51.0,Mosley-Thompson et al. (2001)
NA,88,75.0,-51.0,Mosley-Thompson et al. (2001)
PARCA_NASAEASTB_1997,89,75.0,-30.0,Mosley-Thompson et al. (2001)
PARCA_7653B_1997,90,76.0,-53.0,Mosley-Thompson et al. (2001)
GrIT_20100608,95,72.69529,-38.652664,Hawley et al. (2014)
GrIT_20100524,96,72.94081,-38.536243,Hawley et al. (2014)
GrIT_20110520,97,73.344,-39.723469,Hawley et al. (2014)
GrIT_20100524,98,73.52076,-38.638538,Hawley et al. (2014)
GrIT_20110512,99,73.6471,-38.6772,Hawley et al. (2014)
GrIT_20110522,100,74.01818,-40.621601,Hawley et al. (2014)
GrIT_20100524,101,74.093636,-38.7547,Hawley et al. (2014)
GrIT_20110512,102,74.42233,-39.294334,Hawley et al. (2014)
GrIT_20110524,103,74.507965,-41.339031,Hawley et al. (2014)
GrIT_20110512,104,75.1293,-40.541832,Hawley et al. (2014)
GrIT_20100520,105,75.408035,-41.068619,Hawley et al. (2014)
GrIT_20100520,106,75.94941,-42.16061,Hawley et al. (2014)
GrIT_20100520,107,76.24977,-42.110668,Hawley et al. (2014)
GrIT_20110424,108,76.40515,-67.306099,Hawley et al. (2014)
GrIT_20110424,109,76.40515,-67.306099,Hawley et al. (2014)
GrIT_20110422,110,76.405205,-67.306175,Hawley et al. (2014)
GrIT_20110422,111,76.405205,-67.306175,Hawley et al. (2014)
GrIT_20110424,112,76.44334,-67.008331,Hawley et al. (2014)
GrIT_20110424,113,76.44334,-67.008331,Hawley et al. (2014)
GrIT_20110424,114,76.47733,-66.07988,Hawley et al. (2014)
GrIT_20110508,115,76.499886,-43.732216,Hawley et al. (2014)
GrIT_20110508,116,76.499886,-43.732216,Hawley et al. (2014)
GrIT_20110524,117,76.50235,-44.84375,Hawley et al. (2014)
GrIT_20100518,118,76.79086,-44.235943,Hawley et al. (2014)
GrIT_20110428,119,76.80338,-64.889748,Hawley et al. (2014)
GrIT_20110708,120,76.93487,-63.1502,Hawley et al. (2014)
GrIT_20110530,121,77.13367,-61.043617,Hawley et al. (2014)
GrIT_20110428,122,77.13418,-61.043427,Hawley et al. (2014)
GrIT_20110430,123,77.2648,-58.528416,Hawley et al. (2014)
GrIT_20100516,124,77.30409,-46.498451,Hawley et al. (2014)
GrIT_20110524,125,77.34962,-46.821033,Hawley et al. (2014)
GrIT_20110508,126,77.35958,-47.146584,Hawley et al. (2014)
GrIT_20110528,127,77.370735,-55.926983,Hawley et al. (2014)
GrIT_20110504,128,77.41343,-54.615868,Hawley et al. (2014)
GrIT_20110504,129,77.41343,-54.615868,Hawley et al. (2014)
GrIT_20110526,130,77.414566,-49.021435,Hawley et al. (2014)
GrIT_20110506,131,77.4492,-50.539516,Hawley et al. (2014)
GrIT_20100516,132,77.4558,-49.886066,Hawley et al. (2014)
NEEM2009S2_Baker,133,77.45,-51.06,Baker et al. (2009)
NA,134,76.71889,-65.416672,Benson et al. (2013)
NA,135,77.30833,-62.416672,Benson et al. (2013)
NA,136,77.16667,-57.916672,Benson et al. (2013)
NA,137,77.06667,-64.599998,Benson et al. (2013)
NA,138,77.06667,-54.75,Benson et al. (2013)
NA,139,77.25,-60.5,Benson et al. (2013)
NA,140,76.405,-67.98333,Benson et al. (2013)
NA,141,76.41133,-67.815002,Benson et al. (2013)
NA,142,76.39167,-67.269997,Benson et al. (2013)
NA,143,76.44,-66.654999,Benson et al. (2013)
NA,144,76.54444,-66.20417,Benson et al. (2013)
NA,145,76.54444,-66.20417,Benson et al. (2013)
NA,146,76.68056,-65.470833,Benson et al. (2013)
NA,147,76.73,-65.416672,Benson et al. (2013)
NA,148,76.80639,-64.966667,Benson et al. (2013)
NA,149,76.89667,-64.388893,Benson et al. (2013)
NA,150,76.98028,-63.872219,Benson et al. (2013)
NA,151,77.06667,-63.37167,Benson et al. (2013)
NA,152,77.15194,-62.863892,Benson et al. (2013)
NA,153,77.23611,-62.328892,Benson et al. (2013)
NA,154,77.22083,-61.541672,Benson et al. (2013)
NA,155,77.21944,-61.038059,Benson et al. (2013)
NA,156,77.19667,-60.388889,Benson et al. (2013)
NA,157,77.17194,-59.741669,Benson et al. (2013)
NA,158,77.14722,-59.097221,Benson et al. (2013)
NA,159,77.14722,-59.097221,Benson et al. (2013)
NA,160,77.1425,-58.445831,Benson et al. (2013)
NA,161,77.11111,-57.849998,Benson et al. (2013)
NA,162,77.06833,-57.248611,Benson et al. (2013)
NA,163,77.02778,-56.650002,Benson et al. (2013)
NA,164,77.10722,-56.275829,Benson et al. (2013)
NA,165,77.18889,-55.750561,Benson et al. (2013)
NA,166,77.22556,-52.777779,Benson et al. (2013)
NA,167,77.25694,-52.511669,Benson et al. (2013)
NA,168,77.28,-51.222778,Benson et al. (2013)
NA,169,77.3,-49.939999,Benson et al. (2013)
NA,170,77.3,-49.939999,Benson et al. (2013)
NA,171,77.3,-49.939999,Benson et al. (2013)
NA,172,76.41333,-68.283333,Benson et al. (2013)
NA,173,76.36667,-67.991669,Benson et al. (2013)
NA,174,76.36667,-67.991669,Benson et al. (2013)
NA,175,76.40167,-67.631668,Benson et al. (2013)
NA,176,76.40167,-67.631668,Benson et al. (2013)
NA,177,76.40167,-67.308327,Benson et al. (2013)
NA,178,76.40167,-67.308327,Benson et al. (2013)
NA,179,76.44333,-67.008331,Benson et al. (2013)
NA,180,76.46,-66.848328,Benson et al. (2013)
NA,181,76.465,-66.521667,Benson et al. (2013)
NA,182,76.51833,-66.386673,Benson et al. (2013)
NA,183,76.51833,-66.386673,Benson et al. (2013)
NA,184,76.55833,-66.129997,Benson et al. (2013)
NA,185,76.57667,-65.833328,Benson et al. (2013)
NA,186,76.60833,-65.588333,Benson et al. (2013)
NA,187,76.60833,-65.588333,Benson et al. (2013)
NA,188,76.675,-65.451668,Benson et al. (2013)
NA,189,76.72167,-65.389999,Benson et al. (2013)
NA,190,76.72167,-65.389999,Benson et al. (2013)
00-20,191,76.74,-66.18,Benson et al. (2013)
NA,192,76.80333,-64.889999,Benson et al. (2013)
NA,193,76.80333,-64.389,Benson et al. (2013)
NA,194,76.80333,-64.889999,Benson et al. (2013)
NA,195,76.80333,-64.889999,Benson et al. (2013)
NA,196,76.89,-64.396667,Benson et al. (2013)
NA,197,76.89,-64.396667,Benson et al. (2013)
NA,198,76.96333,-63.900002,Benson et al. (2013)
NA,199,76.96333,-63.900002,Benson et al. (2013)
NA,200,77.04833,-63.388329,Benson et al. (2013)
NA,201,77.04833,-63.388329,Benson et al. (2013)
NA,202,77.04833,-63.388329,Benson et al. (2013)
NA,203,77.14333,-62.89333,Benson et al. (2013)
NA,204,77.14333,-62.89333,Benson et al. (2013)
NA,205,77.23833,-62.328331,Benson et al. (2013)
NA,206,77.23833,-62.328331,Benson et al. (2013)
NA,207,77.235,-61.671669,Benson et al. (2013)
NA,208,77.235,-61.671669,Benson et al. (2013)
NA,209,77.21667,-61.021671,Benson et al. (2013)
NA,210,77.21667,-61.021671,Benson et al. (2013)
NA,211,77.18333,-60.39333,Benson et al. (2013)
NA,212,77.18333,-60.39333,Benson et al. (2013)
NA,213,77.18333,-60.39333,Benson et al. (2013)
NA,214,77.17667,-59.741669,Benson et al. (2013)
NA,215,77.17667,-59.741669,Benson et al. (2013)
NA,216,77.15167,-59.091671,Benson et al. (2013)
NA,217,77.15167,-59.091671,Benson et al. (2013)
NA,218,77.12833,-58.445,Benson et al. (2013)
NA,219,77.12833,-58.445,Benson et al. (2013)
NA,220,77.09333,-57.818329,Benson et al. (2013)
NA,221,77.09333,-57.818329,Benson et al. (2013)
NA,222,77.05833,-57.196671,Benson et al. (2013)
NA,223,77.05833,-57.196671,Benson et al. (2013)
NA,224,77.025,-56.556671,Benson et al. (2013)
NA,225,77.025,-56.556671,Benson et al. (2013)
NA,226,76.99317,-56.007999,Benson et al. (2013)
NA,227,76.99317,-56.007999,Benson et al. (2013)
NA,228,76.99317,-56.007999,Benson et al. (2013)
NA,229,76.38333,-68.0,Benson et al. (2010)
NA,230,76.48333,-66.916672,Benson et al. (2010)
NA,231,76.46,-66.848328,Benson et al. (2010)
NA,232,76.51667,-66.383331,Benson et al. (2010)
NA,233,76.60833,-65.588333,Benson et al. (2010)
NA,234,76.72167,-65.389999,Benson et al. (2010)
NA,235,76.8,-64.883331,Benson et al. (2010)
NA,236,76.88333,-64.400002,Benson et al. (2010)
NA,237,76.96667,-63.900002,Benson et al. (2010)
NA,238,77.05,-63.383331,Benson et al. (2010)
NA,239,77.15,-62.900002,Benson et al. (2010)
NA,240,77.02167,-62.366669,Benson et al. (2010)
NA,241,77.02167,-62.366669,Benson et al. (2010)
NA,242,76.92,-62.0,Benson et al. (2010)
NA,243,76.92,-62.0,Benson et al. (2010)
NA,244,77.23833,-62.328331,Benson et al. (2010)
NA,245,77.23333,-61.666672,Benson et al. (2010)
NA,246,77.21667,-61.01667,Benson et al. (2010)
NA,247,77.18333,-60.400002,Benson et al. (2010)
NA,248,77.18333,-59.73333,Benson et al. (2010)
NA,249,77.15,-59.099998,Benson et al. (2010)
NA,250,77.13333,-58.433331,Benson et al. (2010)
NA,251,77.1,-57.816669,Benson et al. (2010)
NA,252,77.06667,-57.200001,Benson et al. (2010)
NA,253,77.03333,-56.549999,Benson et al. (2010)
NA,254,77.0,-56.066669,Benson et al. (2010)
NA,255,77.03333,-54.51667,Benson et al. (2010)
NA,256,77.03333,-54.51667,Benson et al. (2010)
NA,257,77.05,-52.916672,Benson et al. (2010)
NA,258,77.05,-52.916672,Benson et al. (2010)
NA,259,77.05,-51.333328,Benson et al. (2010)
NA,260,77.06667,-49.599998,Benson et al. (2010)
NA,261,77.06667,-49.599998,Benson et al. (2010)
NA,262,77.06667,-48.01667,Benson et al. (2010)
NA,263,77.06667,-48.01667,Benson et al. (2010)
NA,264,76.965,-46.98333,Benson et al. (2010)
NA,265,76.965,-46.98333,Benson et al. (2010)
NA,266,76.63667,-45.700001,Benson et al. (2010)
NA,267,76.63667,-45.700001,Benson et al. (2010)
NA,268,76.31667,-45.099998,Benson et al. (2010)
NA,269,76.31667,-45.099998,Benson et al. (2010)
NA,270,75.985,-44.583328,Benson et al. (2010)
NA,271,75.985,-44.583328,Benson et al. (2010)
NA,272,75.63667,-43.950001,Benson et al. (2010)
NA,273,75.63667,-43.950001,Benson et al. (2010)
NA,274,75.29667,-43.416672,Benson et al. (2010)
NA,275,75.29667,-43.416672,Benson et al. (2010)
NA,276,74.94167,-42.966671,Benson et al. (2010)
NA,277,74.94167,-42.966671,Benson et al. (2010)
NA,278,74.59,-42.549999,Benson et al. (2010)
NA,279,74.59,-42.549999,Benson et al. (2010)
NA,280,74.22167,-42.166672,Benson et al. (2010)
NA,281,74.22167,-42.166672,Benson et al. (2010)
NA,282,74.87333,-41.799999,Benson et al. (2010)
NA,283,74.87333,-41.799999,Benson et al. (2010)
NA,284,73.51667,-41.416672,Benson et al. (2010)
NA,285,73.51667,-41.416672,Benson et al. (2010)
NA,286,73.16667,-41.099998,Benson et al. (2010)
NA,287,73.16667,-41.099998,Benson et al. (2010)
NA,288,72.815,-40.75,Benson et al. (2010)
NA,289,72.815,-40.75,Benson et al. (2010)
NA,290,72.46667,-40.333328,Benson et al. (2010)
NA,291,72.46667,-40.333328,Benson et al. (2010)
NA,292,72.11667,-39.933331,Benson et al. (2010)
NA,293,72.11667,-39.933331,Benson et al. (2010)
NA,294,71.77,-39.599998,Benson et al. (2010)
NA,295,71.77,-39.599998,Benson et al. (2010)
NA,296,71.425,-39.333328,Benson et al. (2010)
NA,297,71.425,-39.333328,Benson et al. (2010)
NA,298,71.08333,-38.966671,Benson et al. (2010)
NA,299,71.08333,-38.966671,Benson et al. (2010)
NA,300,71.0,-39.666672,Benson et al. (2010)
NA,301,71.0,-39.666672,Benson et al. (2010)
NA,302,70.90667,-40.633331,Benson et al. (2010)
NA,303,70.90667,-40.633331,Benson et al. (2010)
NA,304,70.775,-41.633331,Benson et al. (2010)
NA,305,70.775,-41.633331,Benson et al. (2010)
NA,306,70.63,-42.616669,Benson et al. (2010)
NA,307,70.63,-42.616669,Benson et al. (2010)
NA,308,70.46167,-43.583328,Benson et al. (2010)
NA,309,70.46167,-43.583328,Benson et al. (2010)
NA,310,70.3,-44.549999,Benson et al. (2010)
NA,311,70.3,-44.549999,Benson et al. (2010)
NA,312,70.25,-44.966671,Benson et al. (2010)
NA,313,70.25,-44.966671,Benson et al. (2010)
NA,314,70.175,-45.366669,Benson et al. (2010)
NA,315,70.175,-45.366669,Benson et al. (2010)
NA,316,70.105,-45.73333,Benson et al. (2010)
NA,317,70.105,-45.73333,Benson et al. (2010)
NA,318,70.04,-46.133331,Benson et al. (2010)
NA,319,70.04,-46.133331,Benson et al. (2010)
NA,320,69.97667,-46.5,Benson et al. (2010)
NA,321,69.97667,-46.5,Benson et al. (2010)
NA,322,69.91667,-46.933331,Benson et al. (2010)
NA,323,69.91667,-46.933331,Benson et al. (2010)
NA,324,69.87,-47.299999,Benson et al. (2010)
NA,325,69.87,-47.299999,Benson et al. (2010)
NA,326,69.80167,-47.666672,Benson et al. (2010)
NA,327,69.73167,-48.049999,Benson et al. (2010)
NA,328,72.55,-38.099998,Chellman et al. (2009)
NA,329,72.55,-38.099998,Chellman et al. (2009)
NA,330,72.55,-38.099998,Chellman et al. (2009)
NA,331,72.55,-38.099998,Chellman et al. (2009)
NA,332,72.55,-38.099998,Chellman et al. (2009)
NA,333,72.55,-38.099998,Chellman et al. (2009)
NA,334,72.55,-38.099998,Chellman et al. (2009)
NA,335,72.55,-38.099998,Chellman et al. (2009)
NA,336,72.55,-38.099998,Chellman et al. (2009)
NA,337,72.55,-38.099998,Chellman et al. (2009)
NA,338,72.55,-38.099998,Chellman et al. (2009)
NA,339,72.55,-38.099998,Chellman et al. (2009)
NA,340,72.55,-38.099998,Chellman et al. (2009)
NA,341,72.55,-38.099998,Chellman et al. (2009)
NA,342,72.55,-38.099998,Chellman et al. (2009)
NA,343,72.55,-38.099998,Chellman et al. (2009)
NA,344,72.55,-38.099998,Chellman et al. (2009)
NA,345,72.55,-38.099998,Chellman et al. (2009)
NA,346,72.55,-38.099998,Chellman et al. (2009)
NA,347,72.55,-38.099998,Chellman et al. (2009)
NA,348,72.55,-38.099998,Chellman et al. (2009)
NA,349,72.55,-38.099998,Chellman et al. (2009)
NA,350,72.55,-38.099998,Chellman et al. (2009)
NA,351,72.55,-38.099998,Chellman et al. (2009)
NA,352,72.55,-38.099998,Chellman et al. (2009)
NA,353,72.55,-38.099998,Chellman et al. (2009)
NA,354,72.55,-38.099998,Chellman et al. (2009)
NA,355,72.55,-38.099998,Chellman et al. (2009)
NA,356,72.55,-38.099998,Chellman et al. (2009)
NA,357,72.55,-38.099998,Chellman et al. (2009)
NA,358,72.55,-38.099998,Chellman et al. (2009)
NA,359,72.55,-38.099998,Chellman et al. (2009)
NA,360,72.55,-38.099998,Chellman et al. (2009)
NA,361,72.55,-38.099998,Chellman et al. (2009)
NA,362,72.55,-38.099998,Chellman et al. (2009)
NA,363,72.55,-38.099998,Chellman et al. (2009)
NA,364,72.55,-38.099998,Chellman et al. (2009)
NA,365,72.55,-38.099998,Chellman et al. (2009)
NA,366,72.55,-38.099998,Chellman et al. (2009)
NA,367,72.55,-38.099998,Chellman et al. (2009)
NA,368,72.55,-38.099998,Chellman et al. (2009)
NA,369,72.55,-38.099998,Chellman et al. (2009)
NA,370,72.55,-38.099998,Chellman et al. (2009)
NA,371,72.55,-38.099998,Chellman et al. (2009)
NA,372,72.55,-38.099998,Chellman et al. (2009)
NA,373,72.55,-38.099998,Chellman et al. (2009)
NA,374,72.55,-38.099998,Chellman et al. (2009)
NA,375,72.55,-38.099998,Chellman et al. (2009)
NA,376,72.55,-38.099998,Chellman et al. (2009)
NA,377,72.55,-38.099998,Chellman et al. (2009)
NA,378,72.55,-38.099998,Chellman et al. (2009)
NA,379,72.55,-38.099998,Chellman et al. (2009)
NA,380,72.55,-38.099998,Chellman et al. (2009)
NA,381,72.55,-38.099998,Chellman et al. (2009)
NA,382,72.55,-38.099998,Chellman et al. (2009)
NA,383,72.55,-38.099998,Chellman et al. (2009)
NA,384,72.55,-38.099998,Chellman et al. (2009)
NA,385,72.55,-38.099998,Chellman et al. (2009)
NA,386,72.55,-38.099998,Chellman et al. (2009)
NA,387,72.55,-38.099998,Chellman et al. (2009)
NA,388,72.55,-38.099998,Chellman et al. (2009)
NA,389,72.55,-38.099998,Chellman et al. (2009)
NA,390,72.55,-38.099998,Chellman et al. (2009)
NA,391,72.55,-38.099998,Chellman et al. (2009)
NA,392,72.55,-38.099998,Chellman et al. (2009)
NA,393,72.55,-38.099998,Chellman et al. (2009)
NA,394,72.55,-38.099998,Chellman et al. (2009)
NA,395,72.55,-38.099998,Chellman et al. (2009)
NA,396,72.55,-38.099998,Chellman et al. (2009)
NA,397,72.55,-38.099998,Chellman et al. (2009)
NA,398,72.55,-38.099998,Chellman et al. (2009)
NA,399,72.55,-38.099998,Chellman et al. (2009)
NA,400,72.55,-38.099998,Chellman et al. (2009)
NA,401,72.55,-38.099998,Chellman et al. (2009)
NA,402,72.55,-38.099998,Chellman et al. (2009)
NA,403,72.55,-38.099998,Chellman et al. (2009)
NA,404,72.55,-38.099998,Chellman et al. (2009)
NA,405,72.55,-38.099998,Chellman et al. (2009)
NA,406,72.55,-38.099998,Chellman et al. (2009)
NA,407,72.55,-38.099998,Chellman et al. (2009)
NA,408,72.55,-38.099998,Chellman et al. (2009)
NA,409,72.55,-38.099998,Chellman et al. (2009)
NA,410,72.55,-38.099998,Chellman et al. (2009)
NA,411,72.55,-38.099998,Chellman et al. (2009)
NA,412,72.55,-38.099998,Chellman et al. (2009)
NA,413,72.55,-38.099998,Chellman et al. (2009)
NA,414,72.55,-38.099998,Chellman et al. (2009)
NA,415,72.55,-38.099998,Chellman et al. (2009)
NA,416,72.55,-38.099998,Chellman et al. (2009)
NA,417,72.55,-38.099998,Chellman et al. (2009)
NA,418,72.55,-38.099998,Chellman et al. (2009)
NA,419,72.55,-38.099998,Chellman et al. (2009)
NA,420,72.55,-38.099998,Chellman et al. (2009)
NA,421,72.55,-38.099998,Chellman et al. (2009)
NA,422,72.55,-38.099998,Chellman et al. (2009)
NA,423,72.55,-38.099998,Chellman et al. (2009)
NA,424,72.55,-38.099998,Chellman et al. (2009)
NA,425,72.55,-38.099998,Chellman et al. (2009)
NA,426,72.55,-38.099998,Chellman et al. (2009)
NA,427,72.55,-38.099998,Chellman et al. (2009)
NA,428,72.55,-38.099998,Chellman et al. (2009)
NA,429,72.55,-38.099998,Chellman et al. (2009)
NA,430,72.55,-38.099998,Chellman et al. (2009)
NA,431,72.55,-38.099998,Chellman et al. (2009)
NA,432,72.55,-38.099998,Chellman et al. (2009)
NA,433,72.55,-38.099998,Chellman et al. (2009)
NA,434,72.55,-38.099998,Chellman et al. (2009)
NA,435,72.55,-38.099998,Chellman et al. (2009)
NA,436,72.55,-38.099998,Chellman et al. (2009)
NA,437,72.55,-38.099998,Chellman et al. (2009)
NA,438,72.55,-38.099998,Chellman et al. (2009)
NA,439,72.55,-38.099998,Chellman et al. (2009)
NA,440,72.55,-38.099998,Chellman et al. (2009)
NA,441,72.55,-38.099998,Chellman et al. (2009)
NA,442,72.55,-38.099998,Chellman et al. (2009)
NA,443,72.55,-38.099998,Chellman et al. (2009)
NA,444,69.57369,-49.295555,Ohmura et al. (1991)
NA,445,69.57369,-49.295555,Ohmura et al. (1991)
NA,446,69.57369,-49.295555,Ohmura et al. (1991)
NA,447,69.57369,-49.295555,Ohmura et al. (1991)
NA,448,69.57369,-49.295555,Ohmura et al. (1991)
NA,449,69.57369,-49.295555,Ohmura et al. (1991)
NA,450,69.57369,-49.295555,Ohmura et al. (1991)
NA,451,69.57369,-49.295555,Ohmura et al. (1991)
NA,452,69.57369,-49.295555,Ohmura et al. (1991)
NA,453,69.57369,-49.295555,Ohmura et al. (1991)
NA,454,69.57369,-49.295555,Ohmura et al. (1991)
NA,455,69.57369,-49.295555,Ohmura et al. (1991)
NA,456,69.57369,-49.295555,Ohmura et al. (1991)
NA,457,69.57369,-49.295555,Ohmura et al. (1991)
NA,458,69.57369,-49.295555,Ohmura et al. (1991)
NA,459,69.57369,-49.295555,Ohmura et al. (1991)
NA,460,69.57369,-49.295555,Ohmura et al. (1991)
NA,461,69.57369,-49.295555,Ohmura et al. (1991)
NA,462,69.57369,-49.295555,Ohmura et al. (1991)
NA,463,69.57369,-49.295555,Ohmura et al. (1991)
NA,464,69.57369,-49.295555,Ohmura et al. (1991)
NA,465,69.57369,-49.295555,Ohmura et al. (1991)
NA,466,69.57369,-49.295555,Ohmura et al. (1991)
NA,467,69.57369,-49.295555,Ohmura et al. (1991)
NA,468,69.57369,-49.295555,Ohmura et al. (1991)
NA,469,69.57369,-49.295555,Ohmura et al. (1991)
NA,470,69.57369,-49.295555,Ohmura et al. (1991)
NA,471,69.57369,-49.295555,Ohmura et al. (1991)
NA,472,69.57369,-49.295555,Ohmura et al. (1991)
NA,473,69.57369,-49.295555,Ohmura et al. (1991)
NA,474,69.57369,-49.295555,Ohmura et al. (1991)
NA,475,69.57369,-49.295555,Ohmura et al. (1991)
NA,476,69.57369,-49.295555,Ohmura et al. (1991)
NA,477,69.57369,-49.295555,Ohmura et al. (1991)
NA,478,69.57369,-49.295555,Ohmura et al. (1991)
NA,479,69.57369,-49.295555,Ohmura et al. (1991)
NA,480,69.57369,-49.295555,Ohmura et al. (1991)
NA,481,69.57369,-49.295555,Ohmura et al. (1991)
NA,482,69.57369,-49.295555,Ohmura et al. (1991)
NA,483,69.57369,-49.295555,Ohmura et al. (1991)
NA,484,69.57369,-49.295555,Ohmura et al. (1991)
NA,485,69.57369,-49.295555,Ohmura et al. (1992)
NA,486,69.57369,-49.295555,Ohmura et al. (1992)
NA,487,69.57369,-49.295555,Ohmura et al. (1992)
NA,488,69.57369,-49.295555,Ohmura et al. (1992)
NA,489,69.57369,-49.295555,Ohmura et al. (1992)
NA,490,69.57369,-49.295555,Ohmura et al. (1992)
NA,491,69.57369,-49.295555,Ohmura et al. (1992)
NA,492,69.57369,-49.295555,Ohmura et al. (1992)
NA,493,69.57369,-49.295555,Ohmura et al. (1992)
NA,494,69.57369,-49.295555,Ohmura et al. (1992)
NA,495,69.57369,-49.295555,Ohmura et al. (1992)
NA,496,69.57369,-49.295555,Ohmura et al. (1992)
NA,497,69.57369,-49.295555,Ohmura et al. (1992)
NA,498,69.57369,-49.295555,Ohmura et al. (1992)
NA,499,69.57369,-49.295555,Ohmura et al. (1992)
NA,500,69.57369,-49.295555,Ohmura et al. (1992)
NA,501,69.57369,-49.295555,Ohmura et al. (1992)
NA,502,69.57369,-49.295555,Ohmura et al. (1992)
NA,503,69.57369,-49.295555,Ohmura et al. (1992)
NA,504,69.57369,-49.295555,Ohmura et al. (1992)
NA,505,69.57369,-49.295555,Ohmura et al. (1992)
NA,506,69.57369,-49.295555,Ohmura et al. (1992)
NA,507,69.57369,-49.295555,Ohmura et al. (1992)
NA,508,69.57369,-49.295555,Ohmura et al. (1992)
NA,509,69.57369,-49.295555,Ohmura et al. (1992)
NA,510,69.57369,-49.295555,Ohmura et al. (1992)
NA,511,69.57369,-49.295555,Ohmura et al. (1992)
NA,512,69.57369,-49.295555,Ohmura et al. (1992)
NA,513,69.57369,-49.295555,Ohmura et al. (1992)
NA,514,69.57369,-49.295555,Ohmura et al. (1992)
NA,515,69.57369,-49.295555,Ohmura et al. (1992)
NA,516,69.57369,-49.295555,Ohmura et al. (1992)
NA,517,69.57369,-49.295555,Ohmura et al. (1992)
NA,518,69.57369,-49.295555,Ohmura et al. (1992)
NA,519,69.57369,-49.295555,Ohmura et al. (1992)
NA,520,69.57369,-49.295555,Ohmura et al. (1992)
NA,521,69.57369,-49.295555,Ohmura et al. (1992)
NA,522,69.57369,-49.295555,Ohmura et al. (1992)
NA,523,69.57369,-49.295555,Ohmura et al. (1992)
NA,524,69.57369,-49.295555,Ohmura et al. (1992)
NA,525,69.57369,-49.295555,Ohmura et al. (1992)
NA,526,69.57369,-49.295555,Ohmura et al. (1992)
NA,527,69.57369,-49.295555,Ohmura et al. (1992)
NA,528,69.57369,-49.295555,Ohmura et al. (1992)
NA,529,69.57369,-49.295555,Ohmura et al. (1992)
NA,530,69.57369,-49.295555,Ohmura et al. (1992)
NA,531,69.57369,-49.295555,Ohmura et al. (1992)
NA,532,69.57369,-49.295555,Ohmura et al. (1992)
NA,533,69.57369,-49.295555,Ohmura et al. (1992)
NA,534,69.57369,-49.295555,Ohmura et al. (1992)
NA,535,69.57369,-49.295555,Ohmura et al. (1992)
NA,536,69.57369,-49.295555,Ohmura et al. (1992)
NA,537,69.57369,-49.295555,Ohmura et al. (1992)
NA,538,69.57369,-49.295555,Ohmura et al. (1992)
NA,539,69.57369,-49.295555,Ohmura et al. (1992)
NA,540,69.57369,-49.295555,Ohmura et al. (1992)
NA,541,69.57369,-49.295555,Ohmura et al. (1992)
NA,542,69.57369,-49.295555,Ohmura et al. (1992)
NA,543,69.57369,-49.295555,Ohmura et al. (1992)
NA,544,69.57369,-49.295555,Ohmura et al. (1992)
NA,545,72.57958,-38.459187,Mayewski and Whitlow (2016)
NA,546,72.57958,-38.459187,Mayewski and Whitlow (2016)
NA,547,72.57958,-38.459187,Mayewski and Whitlow (2016)
NA,548,72.57958,-38.459187,Mayewski and Whitlow (2016)
NA,549,72.57958,-38.459187,Mayewski and Whitlow (2016)
NA,550,77.18333,-60.716671,Mayewski et al. (2016b)
NA,551,77.2,-59.200001,Mayewski et al. (2016b)
NA,552,66.5833,-45.5,Mayewski et al. (2016b)
NA,553,66.95,-44.483299,Mayewski et al. (2016b)
NA,554,67.2,-43.799999,Mayewski et al. (2016b)
NA,555,64.7666,-44.1166,Mayewski et al. (2016b)
NA,556,64.6333,-43.666599,Mayewski et al. (2016b)
NA,557,72.57958,-38.459187,Mayewski et al. (2016c)
NA,558,72.57958,-38.459187,Mayewski et al. (2016c)
NA,559,72.57958,-38.459187,Mayewski et al. (2016c)
NA,560,72.57958,-38.459187,Mayewski et al. (2016c)
NA,561,72.57958,-38.459187,Mayewski et al. (2016c)
NA,562,65.1,-44.869999,Mayewski et al. (2016d)
NA,563,72.59611,-38.42194,Dibb and Fahnestock (2004)
NA,564,72.59611,-38.42194,Dibb and Fahnestock (2004)
NA,565,72.59611,-38.42194,Dibb and Fahnestock (2004)
NA,566,72.59611,-38.42194,Dibb and Fahnestock (2004)
NA,567,72.59611,-38.42194,Dibb and Fahnestock (2004)
NA,568,72.59611,-38.42194,Dibb and Fahnestock (2004)
NA,569,72.59611,-38.42194,Dibb and Fahnestock (2004)
NA,570,72.59611,-38.42194,Dibb and Fahnestock (2004)
NA,571,72.59611,-38.42194,Dibb and Fahnestock (2004)
NA,572,72.59611,-38.42194,Dibb and Fahnestock (2004)
NA,573,72.59611,-38.42194,Dibb and Fahnestock (2004)
NA,574,72.59611,-38.42194,Dibb and Fahnestock (2004)
NA,575,72.59611,-38.42194,Dibb and Fahnestock (2004)
NA,576,72.59611,-38.42194,Dibb and Fahnestock (2004)
NA,577,72.59611,-38.42194,Dibb and Fahnestock (2004)
NA,578,72.59611,-38.42194,Dibb and Fahnestock (2004)
NA,579,72.59611,-38.42194,Dibb and Fahnestock (2004)
NA,580,72.59611,-38.42194,Dibb and Fahnestock (2004)
NA,581,72.59611,-38.42194,Dibb and Fahnestock (2004)
NA,582,72.59611,-38.42194,Dibb and Fahnestock (2004)
NA,583,72.59611,-38.42194,Dibb and Fahnestock (2004)
NA,584,72.59611,-38.42194,Dibb and Fahnestock (2004)
NA,585,72.59611,-38.42194,Dibb et al. (2007)
NA,586,72.59611,-38.42194,Dibb et al. (2007)
NA,587,72.59611,-38.42194,Dibb et al. (2007)
NA,588,72.59611,-38.42194,Dibb et al. (2007)
NA,589,72.59611,-38.42194,Dibb et al. (2007)
NA,590,72.59611,-38.42194,Dibb et al. (2007)
NA,591,72.59611,-38.42194,Dibb et al. (2007)
NA,592,72.59611,-38.42194,Dibb et al. (2007)
NA,593,72.59611,-38.42194,Dibb et al. (2007)
NA,594,77.44433,-51.069141,Schaller et al. (2016)
NA,595,77.3669,-50.110001,Schaller et al. (2016)
NA,596,77.25429,-49.23077,Schaller et al. (2016)
NA,597,77.1201,-48.170872,Schaller et al. (2016)
NA,598,76.98195,-47.138062,Schaller et al. (2016)
NA,599,76.84788,-46.142269,Schaller et al. (2016)
NA,600,76.71337,-45.27375,Schaller et al. (2016)
NA,601,76.52426,-44.787861,Schaller et al. (2016)
NA,602,76.40034,-44.092251,Schaller et al. (2016)
NA,603,76.32535,-43.061161,Schaller et al. (2016)
NA,604,76.24889,-42.05164,Schaller et al. (2016)
NA,605,76.1777,-41.160259,Schaller et al. (2016)
NA,606,76.10455,-40.29929,Schaller et al. (2016)
NA,607,76.01559,-39.318729,Schaller et al. (2016)
NA,608,75.93539,-38.469372,Schaller et al. (2016)
NA,609,75.85845,-37.697472,Schaller et al. (2016)
NA,610,75.70614,-36.543739,Schaller et al. (2016)
NA,611,75.62934,-35.985611,Schaller et al. (2016)
ngt03C93.2_B16,612,73.9402,-37.629902,"Wilhelms et al. (2000a,b,c,d)"
ngt06C93.2_B17,613,75.2504,-37.624802,"Wilhelms et al. (2000a,b,c,d)"
ngt14C93.2_B18,614,76.617,-36.403301,"Wilhelms et al. (2000a,b,c,d)"
ngt27C94.2_B21,615,80.0,-41.137402,"Wilhelms et al. (2000a,b,c,d)"
ngt37C95.2_B26,616,77.2533,-49.216702,"Miller and Schwager (2000a,b)"
ngt42C95.2_B29,617,76.0039,-43.492001,"Miller and Schwager (2000a,b)"
NA,618,77.9814,-37.704201,"Bolzan and Strobel (1999a,b,c,d,e,f,g,h,i,j,k,l,m,n,o)"
NA,619,72.2119,-35.6675,"Bolzan and Strobel (2001a,b)"
NA,620,72.2939,-37.921398,"Bolzan and Strobel (2001a,b)"
NA,621,71.6022,-38.141399,"Bolzan and Strobel (1999a,b,c,d,e,f,g,h,i,j,k,l,m,n,o)"
NA,622,71.9206,-35.959202,"Bolzan and Strobel (1999a,b,c,d,e,f,g,h,i,j,k,l,m,n,o)"
NA,623,72.6408,-35.944401,"Bolzan and Strobel (1999a,b,c,d,e,f,g,h,i,j,k,l,m,n,o)"
NA,624,72.3486,-40.213902,"Bolzan and Strobel (1999a,b,c,d,e,f,g,h,i,j,k,l,m,n,o)"
NA,625,72.8864,-39.1567,"Bolzan and Strobel (1999a,b,c,d,e,f,g,h,i,j,k,l,m,n,o)"
NA,626,71.9267,-39.8353,"Bolzan and Strobel (1999a,b,c,d,e,f,g,h,i,j,k,l,m,n,o)"
NA,630,72.588,-38.457001,Alley et al. (1999)
NA,631,72.59622,-38.42197,Dibb et al. (2017)
NA,632,72.59622,-38.42197,Dibb et al. (2017)
NA,633,72.59622,-38.42197,Dibb et al. (2017)
NA,634,72.59622,-38.42197,Dibb et al. (2017)
NA,635,72.59622,-38.42197,Dibb et al. (2017)
NA,636,72.59622,-38.42197,Dibb et al. (2017)
NA,637,72.59622,-38.42197,Dibb et al. (2017)
NA,638,72.59622,-38.42197,Dibb et al. (2017)
NA,639,72.59622,-38.42197,Dibb et al. (2017)
NA,640,72.59622,-38.42197,Dibb et al. (2017)
NA,641,72.59622,-38.42197,Hastings et al. (2017)
NA,642,72.59622,-38.42197,Hastings et al. (2017)
NA,643,67.00025,-47.022633,Machguth et al. (2016)
NA,644,66.99837,-47.022133,Machguth et al. (2016)
NA,645,66.97795,-46.628502,Machguth et al. (2016)
NA,646,66.982185,-46.11945,Machguth et al. (2016)
NA,647,66.477585,-46.284718,Machguth et al. (2016)
NA,648,66.4726,-46.282982,Machguth et al. (2016)
NA,649,66.98458,-45.75465,Machguth et al. (2016)
NA,650,66.983215,-45.044899,Machguth et al. (2016)
NA,651,66.98528,-44.3936,Machguth et al. (2016)
NA,652,67.00025,-47.021301,Machguth et al. (2016)
NA,653,67.00025,-47.021381,Machguth et al. (2016)
NA,654,66.99825,-47.020832,Machguth et al. (2016)
NA,655,67.00042,-47.024715,Machguth et al. (2016)
NA,656,65.99934,-44.502029,Machguth et al. (2016)
NA,657,66.63205,-46.89497,Machguth et al. (2016)
NA,662,67.00038,-47.02615,MacFerrin et al. (2019)
NA,663,67.00025,-47.022633,MacFerrin et al. (2019)
NA,664,66.63205,-46.89497,MacFerrin et al. (2019)
NA,665,66.99411,-44.385387,MacFerrin et al. (2022)
NA,666,66.47786,-42.496387,MacFerrin et al. (2022)
NA,667,66.47784,-42.496571,MacFerrin et al. (2022)
NA,668,66.47769,-42.496189,MacFerrin et al. (2022)
NA,669,66.47769,-42.496445,MacFerrin et al. (2022)
NA,670,65.99934,-44.502335,MacFerrin et al. (2022)
NA,671,65.9994,-44.50214,MacFerrin et al. (2022)
NA,672,65.99927,-44.502369,MacFerrin et al. (2022)
NA,673,66.47771,-46.28606,MacFerrin et al. (2022)
NA,674,69.8765,-47.028919,MacFerrin et al. (2022)
NA,675,69.87663,-47.028801,MacFerrin et al. (2022)
NA,676,69.87651,-47.028759,MacFerrin et al. (2022)
NA,677,75.62514,-35.979389,MacFerrin et al. (2022)
NA,678,75.62524,-35.979198,MacFerrin et al. (2022)
NA,679,75.62511,-35.979061,MacFerrin et al. (2022)
NA,680,75.62518,-35.978729,MacFerrin et al. (2022)
NA,681,72.57742,-38.469551,MacFerrin et al. (2022)
NA,682,72.57737,-38.469559,MacFerrin et al. (2022)
NA,683,72.57739,-38.469231,MacFerrin et al. (2022)
NA,684,72.57744,-38.469219,MacFerrin et al. (2022)
NA,685,67.00038,-47.02615,MacFerrin et al. (2022)
NA,686,66.985435,-44.39465,MacFerrin et al. (2022)
NA,687,66.47768,-42.496349,MacFerrin et al. (2022)
NA,688,65.9994,-44.50248,MacFerrin et al. (2022)
NA,689,72.57758,-38.46907,MacFerrin et al. (2022)
NA,690,75.62556,-35.978031,MacFerrin et al. (2022)
NA,691,69.87615,-47.03112,MacFerrin et al. (2022)
NA,692,66.4726,-46.282982,MacFerrin et al. (2022)
NA,693,66.98528,-44.3936,MacFerrin et al. (2022)
NA,694,66.47768,-42.496349,MacFerrin et al. (2022)
NA,695,65.9994,-44.50248,MacFerrin et al. (2022)
NA,696,66.4726,-46.282982,MacFerrin et al. (2022)
NA,697,66.4726,-46.282982,MacFerrin et al. (2022)
NA,698,69.87615,-47.03112,MacFerrin et al. (2022)
NA,699,75.62556,-35.978031,MacFerrin et al. (2022)
NA,700,72.57758,-38.46907,MacFerrin et al. (2022)
NA,701,69.64372,-48.815941,Harper et al. (2012)
NA,702,69.66019,-48.689449,Harper et al. (2012)
NA,703,69.673935,-48.591118,Harper et al. (2012)
NA,704,69.68743,-48.499668,Harper et al. (2012)
NA,705,69.72505,-48.190201,Harper et al. (2012)
NA,706,69.70617,-48.344967,Harper et al. (2012)
NA,707,69.71978,-48.267399,Harper et al. (2012)
NA,708,69.73908,-48.240299,Harper et al. (2012)
NA,709,69.738014,-48.060966,Harper et al. (2012)
NA,710,69.738014,-48.060966,Harper et al. (2012)
NA,711,69.756935,-47.880283,Harper et al. (2012)
NA,712,69.7836,-47.670181,Harper et al. (2012)
NA,713,69.80094,-47.56789,Harper et al. (2012)
NA,714,69.80586,-47.542416,Harper et al. (2012)
NA,715,69.79322,-47.607807,Harper et al. (2012)
NA,716,69.819984,-47.4505,Harper et al. (2012)
NA,717,69.848015,-47.273582,Harper et al. (2012)
NA,718,69.8765,-47.010201,Harper et al. (2012)
NA,719,69.8765,-47.010201,Harper et al. (2012)
NA,720,69.8765,-47.010201,Harper et al. (2012)
NA,721,69.8765,-47.010201,Harper et al. (2012)
NA,722,69.8765,-47.010201,Harper et al. (2012)
NA,839,67.0494,-49.021599,Cooper et al. (2018)
NA,840,67.0489,-49.023102,Cooper et al. (2018)
NA,841,67.0485,-49.024601,Cooper et al. (2018)
NA,842,67.0481,-49.026199,Cooper et al. (2018)
NA,843,67.0477,-49.027699,Cooper et al. (2018)
NA,844,67.0473,-49.029301,Cooper et al. (2018)
NA,845,67.0469,-49.030899,Cooper et al. (2018)
NA,846,67.0465,-49.032501,Cooper et al. (2018)
NA,847,67.046,-49.033901,Cooper et al. (2018)
NA,848,67.0454,-49.035301,Cooper et al. (2018)
NA,879,75.63,-35.98,Schaller et al. (2017)
NA,880,75.63,-35.98,Schaller et al. (2017)
NA,881,75.63,-35.98,Schaller et al. (2017)
NA,882,75.63,-35.98,Schaller et al. (2017)
NA,883,75.63,-35.98,Schaller et al. (2017)
NA,884,75.63,-35.98,Schaller et al. (2017)
NA,885,75.63,-35.98,Schaller et al. (2017)
NA,886,75.63,-35.98,Schaller et al. (2017)
NA,887,75.63,-35.98,Schaller et al. (2017)
NA,888,75.63,-35.98,Schaller et al. (2017)
NA,889,75.63,-35.98,Schaller et al. (2017)
NA,890,75.63,-35.98,Schaller et al. (2017)
NA,891,75.63,-35.98,Schaller et al. (2017)
NA,892,75.63,-35.98,Schaller et al. (2017)
NA,893,75.63,-35.98,Schaller et al. (2017)
NA,894,75.63,-35.98,Schaller et al. (2017)
NA,895,75.63,-35.98,Schaller et al. (2017)
NA,896,75.63,-35.98,Schaller et al. (2017)
NA,897,75.63,-35.98,Schaller et al. (2017)
NA,898,75.63,-35.98,Schaller et al. (2017)
NA,899,75.63,-35.98,Schaller et al. (2017)
NA,900,75.63,-35.98,Schaller et al. (2017)
NA,901,75.63,-35.98,Schaller et al. (2017)
NA,902,75.63,-35.98,Schaller et al. (2017)
NA,903,75.63,-35.98,Schaller et al. (2017)
NA,904,75.63,-35.98,Schaller et al. (2017)
NA,905,75.63,-35.98,Schaller et al. (2017)
NA,906,75.63,-35.98,Schaller et al. (2017)
NA,907,75.63,-35.98,Schaller et al. (2017)
NA,908,75.63,-35.98,Schaller et al. (2017)
NA,909,75.63,-35.98,Schaller et al. (2017)
NA,910,75.63,-35.98,Schaller et al. (2017)
NA,911,75.63,-35.98,Schaller et al. (2017)
NA,912,75.63,-35.98,Schaller et al. (2017)
NA,913,75.63,-35.98,Schaller et al. (2017)
NA,914,75.63,-35.98,Schaller et al. (2017)
NA,915,75.63,-35.98,Schaller et al. (2017)
NA,916,75.63,-35.98,Schaller et al. (2017)
NA,917,75.63,-35.98,Schaller et al. (2017)
NA,918,75.63,-35.98,Schaller et al. (2017)
NA,919,75.63,-35.98,Schaller et al. (2017)
NA,920,75.63,-35.98,Schaller et al. (2017)
NA,921,75.63,-35.98,Schaller et al. (2017)
NA,922,75.63,-35.98,Schaller et al. (2017)
Camp_VI_1959,925,69.7,-48.266666,Renaud et al. (1959)
T31_1959,926,70.909,-40.639999,Renaud et al. (1959)
T43_1959,927,71.11667,-37.316666,Renaud et al. (1959)
T53_1959,928,71.35,-33.483334,Renaud et al. (1959)
T61_1959,929,72.23333,-32.333332,Renaud et al. (1959)
NA,951,72.60963,-38.549801,Tedesco et al. (2019)
NA,952,72.60963,-38.549801,Tedesco et al. (2019)
NA,953,72.60963,-38.549801,Tedesco et al. (2019)
NA,955,66.3622,-39.311901,Miller et al. (2018)
NA,956,66.3548,-39.178799,Miller et al. (2018)
NA,957,66.36036,-39.287399,Miller et al. (2018)
NA,958,66.35798,-39.239101,Miller et al. (2018)
NA,959,66.35294,-39.1348,Miller et al. (2018)
NA,1714,72.57718,-38.45121,Dibb et al. (2007b)
NA,1715,72.57718,-38.45121,Dibb et al. (2007b)
NA,1716,72.57718,-38.45121,Dibb et al. (2007b)
NA,1717,72.57718,-38.45121,Dibb et al. (2007b)
NA,1718,72.57718,-38.45121,Dibb et al. (2007b)
NA,1719,72.57718,-38.45121,Dibb et al. (2007b)
NA,1720,72.57718,-38.45121,Dibb et al. (2007b)
NA,1721,72.57718,-38.45121,Dibb et al. (2007b)
NA,1722,72.57718,-38.45121,Dibb et al. (2007b)
NA,1723,72.57718,-38.45121,Dibb et al. (2007b)
NA,1724,72.57718,-38.45121,Dibb et al. (2007b)
NA,1725,72.57718,-38.45121,Dibb et al. (2007b)
NA,1726,72.57718,-38.45121,Dibb et al. (2007b)
NA,1727,72.57718,-38.45121,Dibb et al. (2007b)
NA,1728,72.57718,-38.45121,Dibb et al. (2007b)
NA,1729,72.57718,-38.45121,Dibb et al. (2007b)
NA,1730,72.57718,-38.45121,Dibb et al. (2007b)
NA,1731,72.57718,-38.45121,Dibb et al. (2007b)
NA,1732,72.57718,-38.45121,Dibb et al. (2007b)
NA,1733,72.57718,-38.45121,Dibb et al. (2007b)
NA,1734,72.57718,-38.45121,Dibb et al. (2007b)
NA,1735,72.57718,-38.45121,Dibb et al. (2007b)
NA,1736,72.57718,-38.45121,Dibb et al. (2007b)
NA,1737,72.57718,-38.45121,Dibb et al. (2007b)
NA,1738,72.57718,-38.45121,Dibb et al. (2007b)
NA,1739,72.57718,-38.45121,Dibb et al. (2007b)
NA,1740,72.57718,-38.45121,Dibb et al. (2007b)
NA,1741,72.57718,-38.45121,Dibb et al. (2007b)
NA,1742,72.549934,-38.309067,Fain et al. (2009)
NA,1743,72.549934,-38.309067,Fain et al. (2009)
NA,1744,72.549934,-38.309067,Fain et al. (2009)
NA,1745,72.5773,-38.43375,Adolph et al. (2014)
NA,1746,72.59438,-38.625019,Adolph et al. (2014)
NA,1747,72.59438,-38.625019,Adolph et al. (2014)
NA,1748,72.57955,-38.505466,Adolph et al. (2014)
NA,1749,72.59438,-38.625019,Adolph et al. (2014)
NA,1750,72.59438,-38.625019,Adolph et al. (2014)
NA,1751,72.59438,-38.625019,Adolph et al. (2014)
NA,1752,72.5773,-38.43375,Adolph et al. (2014)
NA,1753,72.549934,-38.309067,Adolph et al. (2014)
NA,1754,72.57955,-38.505466,Adolph et al. (2014)
NA,1755,72.549934,-38.309067,Adolph et al. (2014)
NA,1756,72.46667,-40.333328,Polashenski et al. (2015)
NA,1757,72.63513,-38.514919,Polashenski et al. (2015)
NA,1758,73.16667,-41.099998,Polashenski et al. (2015)
NA,1759,73.87333,-41.799999,Polashenski et al. (2015)
NA,1760,74.59,-42.549999,Polashenski et al. (2015)
NA,1761,75.63667,-43.950001,Polashenski et al. (2015)
NA,1762,74.933334,-42.966671,Polashenski et al. (2015)
NA,1763,76.31667,-45.099998,Polashenski et al. (2015)
NA,1764,76.965,-46.98333,Polashenski et al. (2015)
NA,1765,77.05833,-49.599998,Polashenski et al. (2015)
NA,1766,77.05667,-51.333328,Polashenski et al. (2015)
NA,1767,77.04167,-54.51667,Polashenski et al. (2015)
NA,1768,77.21667,-61.021671,Polashenski et al. (2015)
NA,1769,77.09333,-57.818329,Polashenski et al. (2015)
NA,1770,77.15,-62.900002,Polashenski et al. (2015)
NA,1771,76.80333,-64.889999,Polashenski et al. (2015)
NA,1772,76.92,-62.0,Polashenski et al. (2015)
NA,1773,78.0,-58.0,Polashenski et al. (2015)
NA,1774,79.41667,-55.0,Polashenski et al. (2015)
NA,1775,80.0,-50.0,Polashenski et al. (2015)
NA,1776,78.5,-50.0,Polashenski et al. (2015)
NA,1777,77.45,-51.060001,Polashenski et al. (2015)
NA,1778,75.5,-50.5,Polashenski et al. (2015)
NA,1779,74.25,-50.5,Polashenski et al. (2015)
NA,1780,75.5,-48.0,Polashenski et al. (2015)
NA,1781,73.32918,-42.657661,Polashenski et al. (2015)
NA,1782,72.57978,-38.45863,Polashenski et al. (2015)
NA,1783,77.041664,-54.516666,Polashenski et al. (2015)
NA,1784,77.041664,-54.516666,Polashenski et al. (2015)
NA,1785,77.041664,-54.516666,Polashenski et al. (2015)
NA,1786,77.041664,-54.516666,Polashenski et al. (2015)
NA,1787,77.041664,-54.516666,Polashenski et al. (2015)
NA,1788,77.041664,-54.516666,Polashenski et al. (2015)
NA,1789,77.041664,-54.516666,Polashenski et al. (2015)
NA,1790,77.041664,-54.516666,Polashenski et al. (2015)
NA,1791,77.041664,-54.516666,Polashenski et al. (2015)
NA,1792,77.041664,-54.516666,Polashenski et al. (2015)
NA,1793,77.041664,-54.516666,Polashenski et al. (2015)
NA,1794,77.041664,-54.516666,Polashenski et al. (2015)
NA,1795,77.041664,-54.516666,Polashenski et al. (2015)
NA,1796,77.041664,-54.516666,Polashenski et al. (2015)
NA,1797,77.041664,-54.516666,Polashenski et al. (2015)
NA,1798,77.041664,-54.516666,Polashenski et al. (2015)
NA,1799,77.041664,-54.516666,Polashenski et al. (2015)
NA,1800,77.041664,-54.516666,Polashenski et al. (2015)
NA,1801,77.041664,-54.516666,Polashenski et al. (2015)
NA,1802,77.041664,-54.516666,Polashenski et al. (2015)
NA,1803,77.041664,-54.516666,Polashenski et al. (2015)
NA,1804,77.041664,-54.516666,Polashenski et al. (2015)
NA,1805,77.041664,-54.516666,Polashenski et al. (2015)
NA,1806,77.041664,-54.516666,Polashenski et al. (2015)
NA,1807,77.041664,-54.516666,Polashenski et al. (2015)
NA,1808,77.041664,-54.516666,Polashenski et al. (2015)
NA,1809,77.041664,-54.516666,Polashenski et al. (2015)
NA,1810,77.041664,-54.516666,Polashenski et al. (2015)
NA,1811,77.041664,-54.516666,Polashenski et al. (2015)
NA,1812,77.041664,-54.516666,Polashenski et al. (2015)
NA,1813,77.041664,-54.516666,Polashenski et al. (2015)
NA,1814,77.041664,-54.516666,Polashenski et al. (2015)
NA,1815,77.041664,-54.516666,Polashenski et al. (2015)
NA,1816,77.041664,-54.516666,Polashenski et al. (2015)
NA,1817,77.041664,-54.516666,Polashenski et al. (2015)
NA,1818,77.041664,-54.516666,Polashenski et al. (2015)
NA,1819,77.041664,-54.516666,Polashenski et al. (2015)
NA,1820,77.041664,-54.516666,Polashenski et al. (2015)
NA,1821,77.041664,-54.516666,Polashenski et al. (2015)
NA,1822,77.041664,-54.516666,Polashenski et al. (2015)
NA,1823,77.041664,-54.516666,Polashenski et al. (2015)
NA,1824,77.041664,-54.516666,Polashenski et al. (2015)
NA,1825,77.041664,-54.516666,Polashenski et al. (2015)
NA,1826,77.041664,-54.516666,Polashenski et al. (2015)
NA,1827,77.041664,-54.516666,Polashenski et al. (2015)
NA,1828,77.041664,-54.516666,Polashenski et al. (2015)
NA,1829,77.041664,-54.516666,Polashenski et al. (2015)
NA,1830,77.041664,-54.516666,Polashenski et al. (2015)
NA,1831,77.041664,-54.516666,Polashenski et al. (2015)
NA,1832,77.041664,-54.516666,Polashenski et al. (2015)
NA,1833,77.041664,-54.516666,Polashenski et al. (2015)
NA,1834,77.041664,-54.516666,Polashenski et al. (2015)
NA,1835,77.041664,-54.516666,Polashenski et al. (2015)
NA,1836,77.041664,-54.516666,Polashenski et al. (2015)
NA,1837,77.041664,-54.516666,Polashenski et al. (2015)
NA,1838,77.041664,-54.516666,Polashenski et al. (2015)
NA,1839,77.041664,-54.516666,Polashenski et al. (2015)
NA,1840,77.041664,-54.516666,Polashenski et al. (2015)
NA,1841,77.041664,-54.516666,Polashenski et al. (2015)
NA,1842,77.041664,-54.516666,Polashenski et al. (2015)
NA,1843,77.041664,-54.516666,Polashenski et al. (2015)
NA,1844,77.041664,-54.516666,Polashenski et al. (2015)
NA,1845,77.041664,-54.516666,Polashenski et al. (2015)
NA,1846,77.041664,-54.516666,Polashenski et al. (2015)
NA,1847,77.041664,-54.516666,Polashenski et al. (2015)
NA,1848,77.041664,-54.516666,Polashenski et al. (2015)
NA,1849,77.041664,-54.516666,Polashenski et al. (2015)
NA,1850,77.041664,-54.516666,Polashenski et al. (2015)
NA,1851,77.041664,-54.516666,Polashenski et al. (2015)
NA,1852,77.041664,-54.516666,Polashenski et al. (2015)
NA,1853,77.041664,-54.516666,Polashenski et al. (2015)
NA,1854,77.041664,-54.516666,Polashenski et al. (2015)
NA,1855,77.041664,-54.516666,Polashenski et al. (2015)
NA,1856,77.041664,-54.516666,Polashenski et al. (2015)
NA,1857,77.041664,-54.516666,Polashenski et al. (2015)
NA,1858,76.37117,-67.911949,Polashenski et al. (2015)
NA,1859,76.4406,-66.861702,Polashenski et al. (2015)
NA,1860,76.48278,-66.00885,Polashenski et al. (2015)
NA,1861,76.61215,-65.39267,Polashenski et al. (2015)
NA,1862,76.80334,-64.889999,Polashenski et al. (2015)
NA,1863,76.963,-63.900002,Polashenski et al. (2015)
NA,1864,77.109695,-63.925446,Polashenski et al. (2015)
NA,1865,77.18689,-63.307667,Polashenski et al. (2015)
NA,1866,77.32436,-62.15361,Polashenski et al. (2015)
NA,1867,77.15,-62.900002,Polashenski et al. (2015)
NA,1868,77.33828,-59.688416,Polashenski et al. (2015)
NA,1869,77.521385,-61.438831,Polashenski et al. (2015)
NA,1870,77.53603,-61.355167,Polashenski et al. (2015)
NA,1871,77.18,-60.389999,Polashenski et al. (2015)
NA,1872,77.74497,-57.499527,Polashenski et al. (2015)
NA,1873,77.659775,-55.3825,Polashenski et al. (2015)
NA,1874,77.53336,-58.82135,Polashenski et al. (2015)
NA,1875,77.502,-53.448002,Polashenski et al. (2015)
NA,1876,77.53751,-56.723667,Polashenski et al. (2015)
NA,1877,77.45,-51.060001,Polashenski et al. (2015)
NA,1878,77.30545,-51.172401,Polashenski et al. (2015)
NA,1879,77.05666,-51.333332,Polashenski et al. (2015)
NA,1880,77.05739,-52.422165,Polashenski et al. (2015)
NA,1881,77.04682,-53.545166,Polashenski et al. (2015)
NA,1882,77.041664,-54.516666,Polashenski et al. (2015)
NA,1883,77.07047,-55.729362,Polashenski et al. (2015)
NA,1884,77.08911,-56.860306,Polashenski et al. (2015)
NA,1885,77.09333,-57.818333,Polashenski et al. (2015)
NA,1886,76.927,-56.966,Polashenski et al. (2015)
NA,1887,76.917,-58.882999,Polashenski et al. (2015)
NA,1888,76.8999,-60.08139,Polashenski et al. (2015)
NA,1889,76.92,-62.0,Polashenski et al. (2015)
NA,1890,76.918335,-61.019085,Polashenski et al. (2015)
NA,1891,76.85892,-62.902084,Polashenski et al. (2015)
NA,1892,76.80109,-63.693611,Polashenski et al. (2015)
NA,1893,76.72,-64.899002,Polashenski et al. (2015)
NA,1894,76.594,-65.556,Polashenski et al. (2015)
NA,1895,69.731,-48.132999,Otosaka et al. (2020)
NA,1896,69.811,-47.509998,Otosaka et al. (2020)
NA,1897,69.851,-47.252998,Otosaka et al. (2020)
NA,1898,69.852,-47.255001,Otosaka et al. (2020b)
NA,1899,70.02,-46.306,Otosaka et al. (2020b)
NA,1900,70.176,-45.345001,Otosaka et al. (2020b)
NA,1901,70.4698,-43.563499,Otosaka et al. (2020b)
NA,1902,70.85,-40.5,Otosaka et al. (2020b)
NA,1903,71.079,-37.919998,Otosaka et al. (2020b)
NA,1904,66.98418,-45.753159,Graeter et al. (2018)
NA,1905,66.98418,-45.753159,Graeter et al. (2018)
NA,1906,67.4994,-44.999489,Graeter et al. (2018)
NA,1907,67.4994,-44.999489,Graeter et al. (2018)
NA,1908,67.83056,-45.093613,Graeter et al. (2018)
NA,1909,67.83056,-45.093613,Graeter et al. (2018)
NA,1910,68.41889,-44.911388,Graeter et al. (2018)
NA,1911,68.41889,-44.911388,Graeter et al. (2018)
NA,1912,68.99949,-44.999722,Graeter et al. (2018)
NA,1913,68.99949,-44.999722,Graeter et al. (2018)
NA,1914,69.571945,-45.345833,Graeter et al. (2018)
NA,1915,69.571945,-45.345833,Graeter et al. (2018)
NA,1916,70.3025,-44.564445,Graeter et al. (2018)
NA,1917,70.3025,-44.564445,Graeter et al. (2018)
NA,1918,70.55949,-46.730579,Lewis et al. (2019)
NA,1919,70.55949,-46.730579,Lewis et al. (2019)
NA,1920,71.04297,-47.22385,Lewis et al. (2019)
NA,1921,71.04297,-47.22385,Lewis et al. (2019)
NA,1922,71.92585,-47.486465,Lewis et al. (2019)
NA,1923,71.92585,-47.486465,Lewis et al. (2019)
NA,1924,72.19965,-49.40033,Lewis et al. (2019)
NA,1925,72.19965,-49.40033,Lewis et al. (2019)
NA,1926,72.53529,-50.016655,Lewis et al. (2019)
NA,1927,72.53529,-50.016655,Lewis et al. (2019)
NA,1928,73.009766,-50.131401,Lewis et al. (2019)
NA,1929,73.009766,-50.131401,Lewis et al. (2019)
NA,1930,73.83057,-49.478359,Lewis et al. (2019)
NA,1931,73.83057,-49.478359,Lewis et al. (2019)
NA,1932,73.592735,-47.197151,Lewis et al. (2019)
NA,1933,73.592735,-47.197151,Lewis et al. (2019)
NA,1934,72.99924,-44.9967,Lewis et al. (2019)
NA,1935,72.99924,-44.9967,Lewis et al. (2019)
NA,1936,69.662,-52.733002,Sarah et al. (2018)
NA,1939,68.892,-43.502499,Trusel et al. (2018)
NA,1945,66.527397,-46.886639,Rennermalm et al. (2021)
NA,1946,66.864952,-46.265141,Rennermalm et al. (2021)
NA,1947,66.864952,-46.265141,Rennermalm et al. (2021)
NA,1948,66.478035,-46.287125,Rennermalm et al. (2021)
NA,1949,66.535118,-45.959187,Rennermalm et al. (2021)
NA,1950,66.985405,-44.395081,Rennermalm et al. (2021)
NA,1951,67.00043,-47.02871,Rennermalm et al. (2021)
NA,1952,66.98269,-45.04649,Rennermalm et al. (2021)
NA,1953,66.47787,-46.28674,Rennermalm et al. (2021)
NA,1954,66.47807,-46.2872,Rennermalm et al. (2021)
NA,1955,66.47807,-46.28716,Rennermalm et al. (2021)
NA,1956,66.47802,-46.2869,Rennermalm et al. (2021)
NA,1957,66.47799,-46.28674,Rennermalm et al. (2021)
NA,1958,66.478045,-46.288701,Rennermalm et al. (2021)
NA,1959,66.999971,-47.029809,Rennermalm et al. (2021)
NA,1960,66.978094,-46.628066,Rennermalm et al. (2021)
NA,1961,66.982869,-46.119594,Rennermalm et al. (2021)
NA,1962,66.984802,-45.754233,Rennermalm et al. (2021)
NA,1963,66.984442,-45.754426,Rennermalm et al. (2021)
NA,1964,66.526713,-46.947493,Rennermalm et al. (2021)
NA,1965,66.54686,-47.0239,Rennermalm et al. (2021)
NA,1966,66.553826,-47.067409,Rennermalm et al. (2021)
NA,1967,66.54686,-47.0239,Rennermalm et al. (2021)
NA,1968,66.560024,-47.105702,Rennermalm et al. (2021)
NA,1969,78.086197,-69.829644,Niwano et al. (2020)
NA,1970,78.088569,-68.749694,Niwano et al. (2020)
NA,1971,78.051881,-67.6279,Niwano et al. (2020)
NA,1972,78.105056,-68.957969,Niwano et al. (2020)
BPRC_1993,2000,65.29296,-45.833734,BPRC 1993 in Jezek (2012)
Carrefour 1967,2001,69.82361,-47.4325,Ambach 1970
T15 1959,2002,70.303,-44.57,Renaud et al. (1959)
ngt19C.0_B19,2012,78.0,-36.23,NGT: Wilhelms (1996)
L1 (1001),2013,65.387732,-46.326297,van der Veen et al. (2001)
L2 (12.18),2014,65.387634,-46.327013,van der Veen et al. (2001)
L5 (15.12),2015,65.387634,-46.327013,van der Veen et al. (2001)
U3 (2003),2016,64.93288,-44.403215,van der Veen et al. (2001)
U4 (2004),2017,64.981511,-45.973455,van der Veen et al. (2001)
U6 (2006),2018,65.293002,-44.16584,van der Veen et al. (2001)
U7 (2007),2019,65.246864,-44.591006,van der Veen et al. (2001)
1D (3001),2020,64.849801,-43.346763,van der Veen et al. (2001)
8D (3008),2021,64.849801,-43.346763,van der Veen et al. (2001)
Site 13,2022,72.886408,-38.843167,van der Veen et al. (2001)
Site 15,2023,72.981275,-36.295504,van der Veen et al. (2001)
Site 31,2024,72.348598,-39.786216,van der Veen et al. (2001)
Site 37,2025,72.640859,-34.055001,van der Veen et al. (2001)
Summit,2026,72.293946,-36.078176,van der Veen et al. (2001)
Site 51,2027,71.926615,-38.164637,van der Veen et al. (2001)
Site 57,2028,71.920504,-34.040129,van der Veen et al. (2001)
Site 571,2029,72.212042,-34.331701,van der Veen et al. (2001)
Site 73,2030,71.602189,-37.864478,van der Veen et al. (2001)
Tunu-N_PIT_E25,2031,78.0,-32.927,GEUS snow and firn data (2023)
Tunu-N_PIT_E50,2032,77.978,-31.863,GEUS snow and firn data (2023)
Tunu-N_PIT_N25,2033,78.33,-33.888,GEUS snow and firn data (2023)
Tunu-N_PIT_N50,2034,78.464,-33.841,GEUS snow and firn data (2023)
Tunu-N_PIT_S,2035,77.959,-34.013,GEUS snow and firn data (2023)
Tunu-N_PIT_W25,2036,78.03,-35.064,GEUS snow and firn data (2023)
Tunu-N_PIT_W50,2037,78.039,-36.136,GEUS snow and firn data (2023)
Tunu-N_PIT_T-1,2038,78.017,-33.994,GEUS snow and firn data (2023)
GC-Net_Swiss Camp,2039,69.569,-49.3131,GEUS snow and firn data (2023)
GC-Net_NASA-SE,2040,66.479,-42.5,GEUS snow and firn data (2023)
GC-Net_Saddle,2041,66.001,-44.501,GEUS snow and firn data (2023)
APO_Quadra mining,2042,71.9621,-24.2298,GEUS snow and firn data (2023)
APO_Stake 1,2043,74.619,-21.365,GEUS snow and firn data (2023)
APO_Stake 4,2044,74.632,-21.4,GEUS snow and firn data (2023)
APO_Stake 5,2045,74.639,-21.428,GEUS snow and firn data (2023)
APO_Stake 9,2046,74.654,-21.51,GEUS snow and firn data (2023)
APO_Stake 12,2047,74.662,-21.595,GEUS snow and firn data (2023)
GC-Net_Petermann,2048,80.0839,-58.0672,GEUS snow and firn data (2023)
GC-Net_GITS,2049,77.143,-61.095,GEUS snow and firn data (2023)
GC-Net_Humbolt,2050,78.527,-56.831,GEUS snow and firn data (2023)
GC-Net_Tunu-N,2051,78.0167,-33.994,GEUS snow and firn data (2023)
GC-Net_Summit,2052,72.58,-38.504,GEUS snow and firn data (2023)
GC-Net_NASA-E,2053,75.0,-30.0,GEUS snow and firn data (2023)
GC-Net_NASA-SE,2054,66.479,-42.5,GEUS snow and firn data (2023)
GC-Net_Saddle,2055,66.001,-44.501,GEUS snow and firn data (2023)
GC-Net_DYE-2,2056,66.481,-42.28,GEUS snow and firn data (2023)
GC-Net_CP1,2057,69.8783,-46.9967,GEUS snow and firn data (2023)
GC-Net_JAR1 profile 01,2058,69.4984,-49.6816,GEUS snow and firn data (2023)
GC-Net_Swiss Camp,2059,69.569,-49.3131,GEUS snow and firn data (2023)
GC-Net_NASA-U,2060,73.833,-49.495,GEUS snow and firn data (2023)
APO_Stake 3,2061,74.628,-21.37,GEUS snow and firn data (2023)
APO_ZAC-U,2062,74.643,-21.463,GEUS snow and firn data (2023)
APO_Quadra mining,2063,71.9621,-24.2298,GEUS snow and firn data (2023)
GC-Net_NASA-U,2064,73.833,-49.495,GEUS snow and firn data (2023)
GC-Net_NASA-SE,2065,66.479,-42.5,GEUS snow and firn data (2023)
GC-Net_Swiss Camp,2066,69.569,-49.3131,GEUS snow and firn data (2023)
GC-Net_South Dome,2067,63.149,-44.817,GEUS snow and firn data (2023)
GC-Net_DYE-2,2068,66.481,-46.28,GEUS snow and firn data (2023)
APO_ZAC-L (profile 01),2069,74.624,-21.374,GEUS snow and firn data (2023)
"APO_ZAC-U (station 2, profile 01)",2070,74.643,-21.463,GEUS snow and firn data (2023)
"APO_ZAC-U (station 2, profile 02)",2071,74.643,-21.463,GEUS snow and firn data (2023)
"APO_ZAC-U (station 3, profile 01)",2072,74.643,-21.463,GEUS snow and firn data (2023)
"APO_ZAC-U (station 3, profile 02)",2073,74.643,-21.463,GEUS snow and firn data (2023)
GC-Net_Summit,2074,72.58,-38.504,GEUS snow and firn data (2023)
GC-Net_Swiss Camp,2075,69.569,-49.3131,GEUS snow and firn data (2023)
GC-Net_Crawford Point,2076,69.88,-46.9842,GEUS snow and firn data (2023)
GC-Net_NGRIP,2077,75.0998,-42.3326,GEUS snow and firn data (2023)
GC-Net_GITS,2078,77.143,-61.095,GEUS snow and firn data (2023)
GC-Net_Petermann ELA,2079,80.0,-58.0,GEUS snow and firn data (2023)
GC-Net_Humboldt,2080,78.527,-56.831,GEUS snow and firn data (2023)
GC-Net_DYE-2,2081,66.481,-46.28,GEUS snow and firn data (2023)
GC-Net_Saddle,2082,66.001,-44.501,GEUS snow and firn data (2023)
Summit,2083,72.58,-38.504,GEUS snow and firn data (2023)
APO_ZAC-A,2084,74.647534,-21.652025,GEUS snow and firn data (2023)
APO_ZAC-U,2085,74.643,-21.463,GEUS snow and firn data (2023)
APO_ZAC-L,2086,74.624,-21.374,GEUS snow and firn data (2023)
APO_Stake 1,2087,74.619,-21.365,GEUS snow and firn data (2023)
GlacioBasis_Stake 10,2088,74.661,-21.553,GEUS snow and firn data (2023)
GlacioBasis_Stake 13,2089,74.675,-21.605,GEUS snow and firn data (2023)
GlacioBasis_Stake 15,2090,74.664,-21.673,GEUS snow and firn data (2023)
GlacioBasis_ZAC-L,2091,74.624,-21.374,GEUS snow and firn data (2023)
GlacioBasis_ZAC-U (MIDDLE AWS),2092,74.643,-21.643,GEUS snow and firn data (2023)
GC-Net_Swiss Camp,2093,69.569,-49.3131,GEUS snow and firn data (2023)
GC-Net_Humboldt,2094,78.527,-56.831,GEUS snow and firn data (2023)
GC-Net_South Dome,2095,63.149,-44.817,GEUS snow and firn data (2023)
GC-Net_NASA-SE,2096,66.479,-42.5,GEUS snow and firn data (2023)
GC-Net_Saddle,2097,66.001,-44.501,GEUS snow and firn data (2023)
GC-Net_NASA-U,2098,73.833,-49.495,GEUS snow and firn data (2023)
GC-Net_NEEM,2099,77.44,-51.08,GEUS snow and firn data (2023)
GC-Net_Petermann ELA,2100,80.0,-58.0,GEUS snow and firn data (2023)
GC-Net_GITS,2101,77.143,-61.095,GEUS snow and firn data (2023)
GC-Net_Tunu-N,2102,78.0167,-33.994,GEUS snow and firn data (2023)
GC-Net_NASA-E,2103,75.0,-30.0,GEUS snow and firn data (2023)
GlacioBasis_ZAC-L,2104,74.624,-21.374,GEUS snow and firn data (2023)
GlacioBasis_ZAC-U,2105,74.643,-21.463,GEUS snow and firn data (2023)
GlacioBasis_ZAC-A,2106,74.647534,-21.652025,GEUS snow and firn data (2023)
GlacioBasis_ZAC-L,2107,74.624,-21.374,GEUS snow and firn data (2023)
GlacioBasis_ZAC-U,2108,74.643,-21.463,GEUS snow and firn data (2023)
GlacioBasis_ZAC-A,2109,74.647534,-21.652025,GEUS snow and firn data (2023)
Summit,2110,72.58,-38.504,GEUS snow and firn data (2023)
GlacioBasis_ZAC-L,2111,74.624,-21.374,GEUS snow and firn data (2023)
GlacioBasis_ZAC-U,2112,74.643,-21.463,GEUS snow and firn data (2023)
GlacioBasis_ZAC-A,2113,74.647534,-21.652025,GEUS snow and firn data (2023)
GlacioBasis_Lower Station,2114,74.62414,-21.374235,GEUS snow and firn data (2023)
GlacioBasis_ZAC-U,2115,74.643,-21.463,GEUS snow and firn data (2023)
SwissCamp_Swiss Camp PIT 01,2116,69.5552,-49.36525,GEUS snow and firn data (2023)
SwissCamp_Swiss Camp PIT 03,2117,69.5552,-49.36525,GEUS snow and firn data (2023)
SwissCamp_Swiss Camp PIT 04,2118,69.5552,-49.36525,GEUS snow and firn data (2023)
THU_T1,2119,76.4021,-68.3016,GEUS snow and firn data (2023)
THU_T2,2120,76.4006,-68.2821,GEUS snow and firn data (2023)
THU_T3,2121,76.3988,-68.2548,GEUS snow and firn data (2023)
THU_T4,2122,76.3974,-68.226,GEUS snow and firn data (2023)
THU_T5,2123,76.3955,-68.1965,GEUS snow and firn data (2023)
THU_T6,2124,76.3923,-68.1481,GEUS snow and firn data (2023)
THU_THU_L,2125,76.3998,-68.2666,GEUS snow and firn data (2023)
THU_THU_U,2126,76.4197,-68.1463,GEUS snow and firn data (2023)
THU_THU_U_new,2127,76.3902,-68.1096,GEUS snow and firn data (2023)
THU_0-6_new,2128,76.3678,-68.0106,GEUS snow and firn data (2023)
CP1_CP1 (Core 1),2129,69.87833,-46.9967,GEUS snow and firn data (2023)
NSE_NSE (Core 1),2130,66.49835,-49.6816,GEUS snow and firn data (2023)
SDM_SDM (Core 1),2131,63.148904,-44.817395,GEUS snow and firn data (2023)
GC-Net_KPC-U,2132,79.8349,-25.1626,GEUS snow and firn data (2023)
GC-Net_NASA-E (Mast Core),2133,75.0024,-29.9805,GEUS snow and firn data (2023)
GC-Net_Tunu-N (Mast Core),2134,78.0191,-33.9628,GEUS snow and firn data (2023)
GC-Net_NEEM (5m Core),2135,77.441387,-51.083486,GEUS snow and firn data (2023)
GC-Net_CP1 (Mast Core),2136,69.872248,-47.037875,GEUS snow and firn data (2023)
GC-Net_DYE-2 (Therm Core),2137,66.482,-46.291,GEUS snow and firn data (2023)
GC-Net_CEN2 (Therm Core),2138,77.181902,-61.115487,GEUS snow and firn data (2023)
GC-Net_Humboldt (Snow Pit),2139,78.528,-56.842,GEUS snow and firn data (2023)
GlacioBasis,2140,74.666,-21.673,GEUS snow and firn data (2023)
Nanok_PIT 01,2141,65.535919,-38.966667,GEUS snow and firn data (2023)
Nanok_PIT 02,2142,67.097733,-49.3242,GEUS snow and firn data (2023)
Nanok_PIT 03,2143,66.991331,-48.703147,GEUS snow and firn data (2023)
Nanok_PIT 04,2144,66.947653,-48.490583,GEUS snow and firn data (2023)
Nanok_PIT 05,2145,66.840986,-48.002694,GEUS snow and firn data (2023)
Nanok_PIT 06,2146,66.704456,-47.3623,GEUS snow and firn data (2023)
Nanok_PIT 07,2147,66.641844,-47.050603,GEUS snow and firn data (2023)
Nanok_PIT 08,2148,66.323714,-45.741839,GEUS snow and firn data (2023)
Nanok_PIT 09,2149,66.027019,-45.126242,GEUS snow and firn data (2023)
Nanok_PIT 10,2150,65.996344,-44.511133,GEUS snow and firn data (2023)
GC-Net_KAN_U_2023_core,2151,67.000741,-47.034348,GEUS snow and firn data (2023)
GC-Net_NSE_2023_core,2152,66.477564,-42.493151,GEUS snow and firn data (2023)
GC-Net_SDM_2023_core,2153,63.148904,-44.817395,GEUS snow and firn data (2023)
GC-Net_SDM_2023_snowpit,2154,63.148904,-44.817395,GEUS snow and firn data (2023)
GC-Net_SDL_2023_core,2155,66.000153,-44.502627,GEUS snow and firn data (2023)
GC-Net_DY2_2023_core,2156,66.482,-46.291,GEUS snow and firn data (2023)
GC-Net_DY2_2023_snowpit,2157,66.482,-46.291,GEUS snow and firn data (2023)
GC-Net_CEN_2023_snowpit,2158,77.181902,-61.115487,GEUS snow and firn data (2023)
GC-Net_CP1_2023_core,2159,69.872248,-47.037875,GEUS snow and firn data (2023)
GC-Net_CP1_2023_snowpit,2160,69.872248,-47.037875,GEUS snow and firn data (2023)
GC-Net_NAE_2023_core,2161,75.0024,-29.9805,GEUS snow and firn data (2023)
GC-Net_NAE_2023_snowpit,2162,75.0024,-29.9805,GEUS snow and firn data (2023)
GC-Net_NAU_2023_core,2163,73.840596,-49.534175,GEUS snow and firn data (2023)
GC-Net_TUN_2023_snowpit,2164,78.0191,-33.9628,GEUS snow and firn data (2023)
GC-Net_TUN_2023_core,2165,78.0191,-33.9628,GEUS snow and firn data (2023)
GC-Net_HUM_2023_snowpit,2166,78.528,-56.842,GEUS snow and firn data (2023)
Tunu-N_main,2167,78.017,-33.994,Mosley-Thompson et al. (2001)
Tunu-1,2168,78.017,-33.994,Mosley-Thompson et al. (2001)
Tunu-N25,2169,78.33,-33.888,Mosley-Thompson et al. (2001)
Tunu-N50,2170,78.464,-33.841,Mosley-Thompson et al. (2001)
Tunu-E25,2171,78.0,-32.927,Mosley-Thompson et al. (2001)
Tunu-E50,2172,77.978,-31.863,Mosley-Thompson et al. (2001)
Tunu-W25,2173,78.03,-35.064,Mosley-Thompson et al. (2001)
Tunu-W50,2174,78.039,-36.136,Mosley-Thompson et al. (2001)
Tunu-S7.5,2175,77.959,-34.013,Mosley-Thompson et al. (2001)
GITS_core_1_1996,2176,77.143,-61.095,Mosley-Thompson et al. (2001)
GITS_core_2_1996,2177,77.143,-61.095,Mosley-Thompson et al. (2001)
GITS_pit_1996,2178,77.143,-61.095,Mosley-Thompson et al. (2001)
Humboldt-M,2179,78.527,-56.83,Mosley-Thompson et al. (2001)
Humboldt-M2,2180,78.527,-56.83,Mosley-Thompson et al. (2001)
Humboldt-E,2181,78.598,-55.699,Mosley-Thompson et al. (2001)
Humboldt-N,2182,78.751,-56.83,Mosley-Thompson et al. (2001)
Humboldt-S,2183,78.315,-56.826,Mosley-Thompson et al. (2001)
Humboldt-W,2184,78.452,-57.958,Mosley-Thompson et al. (2001)
NASA-U_Henderson,2185,73.842,-49.498,Mosley-Thompson et al. (2001)
CP_2007,2186,69.9,-47.0,Porter and Mosley-Thompson (2014)
T41_2004_May,2187,71.079,-37.92,Morris and Wingham (2014)
T41_2004_May_a,2188,71.079,-37.92,Morris and Wingham (2014)
T41_2004_May_b,2189,71.079,-37.92,Morris and Wingham (2014)
T41_2004_Jun,2190,71.079,-37.92,Morris and Wingham (2014)
T41_2006_May,2191,71.079,-37.92,Morris and Wingham (2014)
T41_2006_May_a,2192,71.079,-37.92,Morris and Wingham (2014)
T41_2006_May_b,2193,71.079,-37.92,Morris and Wingham (2014)
T41_2006_Jun,2194,71.079,-37.92,Morris and Wingham (2014)
T41_2004_Aug,2195,71.079,-37.92,Morris and Wingham (2014)
T41_2004_Aug_a,2196,71.079,-37.92,Morris and Wingham (2014)
T41_2004_Aug_b,2197,71.079,-37.92,Morris and Wingham (2014)
T21_2004_Sep,2198,70.544,-43.02,Morris and Wingham (2014)
T31_2004_Sep,2199,70.909,-40.64,Morris and Wingham (2014)
T35_2004_Sep,2200,70.976,-39.55,Morris and Wingham (2014)
T41_2004_Aug_c,2201,71.079,-37.92,Morris and Wingham (2014)
T12_2006_May,2202,70.176,-45.34,Morris and Wingham (2014)
T15_2006_May,2203,70.303,-44.57,Morris and Wingham (2014)
T19_2006_May,2204,70.47,-43.56,Morris and Wingham (2014)
T31_2006_May,2205,70.909,-40.64,Morris and Wingham (2014)
T35_2006_May,2206,70.976,-39.55,Morris and Wingham (2014)
T41_2006_May_c,2207,71.079,-37.92,Morris and Wingham (2014)
T12_2006_Aug,2208,70.176,-45.34,Morris and Wingham (2014)
T15_2006_Aug,2209,70.303,-44.57,Morris and Wingham (2014)
T19_2006_Aug,2210,70.47,-43.56,Morris and Wingham (2014)
T21_2006_Aug,2211,70.544,-43.02,Morris and Wingham (2014)
T23_2006_Aug,2212,70.625,-42.58,Morris and Wingham (2014)
T27_2006_Aug,2213,70.775,-41.54,Morris and Wingham (2014)
T31_2006_Aug,2214,70.909,-40.64,Morris and Wingham (2014)
T35_2006_Jul,2215,70.976,-39.55,Morris and Wingham (2014)
T39_2006_Jul,2216,71.043,-38.46,Morris and Wingham (2014)
T41_2006_Jul,2217,71.079,-37.92,Morris and Wingham (2014)
T05_2006_Aug,2218,69.851,-47.25,Morris and Wingham (2014)
T09_2006_Aug,2219,70.02,-46.31,Morris and Wingham (2014)
T21_2006_Aug_a,2220,70.544,-43.02,Morris and Wingham (2014)
T41_2006_Jul_a,2221,71.079,-37.92,Morris and Wingham (2014)
T41_2006_Jul_b,2222,71.079,-37.92,Morris and Wingham (2014)
T41_2006_Jul_c,2223,71.079,-37.92,Morris and Wingham (2014)
T41_2006_Jul_d,2224,71.079,-37.92,Morris and Wingham (2014)
T12_2004_Apr,2225,70.176,-45.34,Morris and Wingham (2014)
T15_2004_Apr,2226,70.303,-44.57,Morris and Wingham (2014)
T19_2004_Apr,2227,70.47,-43.56,Morris and Wingham (2014)
T21_2004_May,2228,70.544,-43.02,Morris and Wingham (2014)
T23_2004_May,2229,70.625,-42.58,Morris and Wingham (2014)
T27_2004_May,2230,70.775,-41.54,Morris and Wingham (2014)
T31_2004_May,2231,70.909,-40.64,Morris and Wingham (2014)
T35_2004_May,2232,70.976,-39.55,Morris and Wingham (2014)
T39_2004_May,2233,71.043,-38.46,Morris and Wingham (2014)
T41_2004_May_c,2234,71.079,-37.92,Morris and Wingham (2014)
T21_2004_May_a,2235,70.544,-43.02,Morris and Wingham (2014)
T21_2011_Aug,2236,70.544,-43.02,Morris and Wingham (2014)
T21_2011_Jul,2237,70.544,-43.02,Morris and Wingham (2014)
T23_2011_Jul,2238,70.625,-42.58,Morris and Wingham (2014)
T27_2011_Jul,2239,70.775,-41.54,Morris and Wingham (2014)
T31_2011_Jul,2240,70.909,-40.64,Morris and Wingham (2014)
T35_2011_Jul,2241,70.976,-39.55,Morris and Wingham (2014)
T39_2011_Jul,2242,71.043,-38.46,Morris and Wingham (2014)
T41_2011_Jul,2243,71.079,-37.92,Morris and Wingham (2014)
T41_2011_Jul_a,2244,71.079,-37.92,Morris and Wingham (2014)
T41_2011_Jul_b,2245,71.079,-37.92,Morris and Wingham (2014)
T41_2011_Jul_c,2246,71.079,-37.92,Morris and Wingham (2014)
T21_2010_Jul,2247,70.544,-43.02,Morris and Wingham (2014)
T21_2010_Jun,2248,70.544,-43.02,Morris and Wingham (2014)
T23_2010_Jun,2249,70.625,-42.58,Morris and Wingham (2014)
T27_2010_Jun,2250,70.775,-41.54,Morris and Wingham (2014)
T31_2010_Jun,2251,70.909,-40.64,Morris and Wingham (2014)
T35_2010_Jun,2252,70.976,-39.55,Morris and Wingham (2014)
T39_2010_Jun,2253,71.043,-38.46,Morris and Wingham (2014)
T41_2010_Jun,2254,71.079,-37.92,Morris and Wingham (2014)
T41_2010_Jun_a,2255,71.079,-37.92,Morris and Wingham (2014)
T41_2010_Jun_b,2256,71.079,-37.92,Morris and Wingham (2014)
T41_2010_Jun_c,2257,71.079,-37.92,Morris and Wingham (2014)
T41_2010_Jun_d,2258,71.079,-37.92,Morris and Wingham (2014)
T05,2259,69.851,-47.25,Fischer et al. (1995)
T09,2260,70.02,-46.31,Fischer et al. (1995)
T13,2261,70.2333,-45.01667,Fischer et al. (1995)
T17,2262,70.3666,-44.1,Fischer et al. (1995)
T21,2263,70.544,-43.02,Fischer et al. (1995)
T27,2264,70.775,-41.54,Fischer et al. (1995)
T31,2265,70.909,-40.64,Fischer et al. (1995)
T41,2266,71.079,-37.92,Fischer et al. (1995)
T43,2267,71.116667,-37.316667,Fischer et al. (1995)
T43,2268,71.116667,-37.316667,Fischer et al. (1995)
T47,2269,71.2,-35.95,Fischer et al. (1995)
T53,2270,71.35,-33.483333,Fischer et al. (1995)
T61,2271,72.233333,-32.333333,Fischer et al. (1995)
T66,2272,72.48333,-30.7666,Fischer et al. (1995)
T99,2273,72.58333,-37.6333,Fischer et al. (1995)
Site J,2274,66.87,-46.26,Kameda et al. (1995)
Eismitte_1930-09-24,2279,71.183,-39.9333,"Sorge et al. (1935), Abermann et al. (2023)"
Eismitte_1930-09-25,2280,71.183,-39.9333,"Sorge et al. (1935), Abermann et al. (2023)"
Eismitte_1930-09-27,2281,71.183,-39.9333,"Sorge et al. (1935), Abermann et al. (2023)"
Eismitte_1930-09-30,2282,71.183,-39.9333,"Sorge et al. (1935), Abermann et al. (2023)"
Eismitte_1930-01-10,2275,71.183,-39.9333,"Sorge et al. (1935), Abermann et al. (2023)"
Eismitte_1930-10-19,2284,71.183,-39.9333,"Sorge et al. (1935), Abermann et al. (2023)"
Eismitte_1930-10-22,2285,71.183,-39.9333,"Sorge et al. (1935), Abermann et al. (2023)"
Eismitte_1930-10-24,2286,71.183,-39.9333,"Sorge et al. (1935), Abermann et al. (2023)"
Eismitte_1930-10-25,2287,71.183,-39.9333,"Sorge et al. (1935), Abermann et al. (2023)"
Eismitte_1930-10-26,2288,71.183,-39.9333,"Sorge et al. (1935), Abermann et al. (2023)"
Eismitte_1930-03-12,2276,71.183,-39.9333,"Sorge et al. (1935), Abermann et al. (2023)"
Eismitte_1930-04-12,2277,71.183,-39.9333,"Sorge et al. (1935), Abermann et al. (2023)"
Eismitte_1930-07-12,2278,71.183,-39.9333,"Sorge et al. (1935), Abermann et al. (2023)"
Eismitte_1930-10-12,2283,71.183,-39.9333,"Sorge et al. (1935), Abermann et al. (2023)"
Eismitte_1930-11-12,2289,71.183,-39.9333,"Sorge et al. (1935), Abermann et al. (2023)"
Eismitte_1930-12-28,2290,71.183,-39.9333,"Sorge et al. (1935), Abermann et al. (2023)"
Eismitte_1931-05-01,2309,71.183,-39.9333,"Sorge et al. (1935), Abermann et al. (2023)"
Eismitte_1931-06-01,2312,71.183,-39.9333,"Sorge et al. (1935), Abermann et al. (2023)"
Eismitte_1931-07-01,2313,71.183,-39.9333,"Sorge et al. (1935), Abermann et al. (2023)"
Eismitte_1931-01-15,2291,71.183,-39.9333,"Sorge et al. (1935), Abermann et al. (2023)"
Eismitte_1931-01-18,2292,71.183,-39.9333,"Sorge et al. (1935), Abermann et al. (2023)"
Eismitte_1931-01-22,2293,71.183,-39.9333,"Sorge et al. (1935), Abermann et al. (2023)"
Eismitte_1931-01-23,2294,71.183,-39.9333,"Sorge et al. (1935), Abermann et al. (2023)"
Eismitte_1931-02-02,2295,71.183,-39.9333,"Sorge et al. (1935), Abermann et al. (2023)"
Eismitte_1931-03-02,2297,71.183,-39.9333,"Sorge et al. (1935), Abermann et al. (2023)"
Eismitte_1931-05-02,2310,71.183,-39.9333,"Sorge et al. (1935), Abermann et al. (2023)"
Eismitte_1931-09-02,2314,71.183,-39.9333,"Sorge et al. (1935), Abermann et al. (2023)"
Eismitte_1931-10-02,2316,71.183,-39.9333,"Sorge et al. (1935), Abermann et al. (2023)"
Eismitte_1931-02-26,2296,71.183,-39.9333,"Sorge et al. (1935), Abermann et al. (2023)"
Eismitte_1931-05-03,2311,71.183,-39.9333,"Sorge et al. (1935), Abermann et al. (2023)"
Eismitte_1931-10-03,2317,71.183,-39.9333,"Sorge et al. (1935), Abermann et al. (2023)"
Eismitte_1931-12-03,2318,71.183,-39.9333,"Sorge et al. (1935), Abermann et al. (2023)"
Eismitte_1931-03-19,2299,71.183,-39.9333,"Sorge et al. (1935), Abermann et al. (2023)"
Eismitte_1931-03-20,2300,71.183,-39.9333,"Sorge et al. (1935), Abermann et al. (2023)"
Eismitte_1931-03-24,2301,71.183,-39.9333,"Sorge et al. (1935), Abermann et al. (2023)"
Eismitte_1931-03-25,2302,71.183,-39.9333,"Sorge et al. (1935), Abermann et al. (2023)"
Eismitte_1931-03-29,2303,71.183,-39.9333,"Sorge et al. (1935), Abermann et al. (2023)"
Eismitte_1931-03-30,2304,71.183,-39.9333,"Sorge et al. (1935), Abermann et al. (2023)"
Eismitte_1931-03-04,2298,71.183,-39.9333,"Sorge et al. (1935), Abermann et al. (2023)"
Eismitte_1931-09-04,2315,71.183,-39.9333,"Sorge et al. (1935), Abermann et al. (2023)"
Eismitte_1931-04-13,2305,71.183,-39.9333,"Sorge et al. (1935), Abermann et al. (2023)"
Eismitte_1931-04-23,2306,71.183,-39.9333,"Sorge et al. (1935), Abermann et al. (2023)"
Eismitte_1931-04-25,2307,71.183,-39.9333,"Sorge et al. (1935), Abermann et al. (2023)"
Eismitte_1931-04-29,2308,71.183,-39.9333,"Sorge et al. (1935), Abermann et al. (2023)"
Wegener_RA25_1930-07-16,2319,71.19631,-50.3923,"Jlg (1939), Abermann et al. (2023)"
Wegener_RA45_1930-07-17,2320,71.19559,-49.8251,"Jlg (1939), Abermann et al. (2023)"
Wegener_RA50_1930-07-17,2321,71.195413,-49.683331,"Jlg (1939), Abermann et al. (2023)"
Wegener_RA65_1930-07-18,2322,71.19488,-49.258,"Jlg (1939), Abermann et al. (2023)"
Wegener_RA70_1930-07-18,2323,71.1947,-49.116227,"Jlg (1939), Abermann et al. (2023)"
Wegener_RA75_1930-07-18,2324,71.194521,-48.974455,"Jlg (1939), Abermann et al. (2023)"
Wegener_RA80_1930-07-18,2325,71.194341,-48.832682,"Jlg (1939), Abermann et al. (2023)"
Wegener_RA85_1930-07-18,2326,71.194162,-48.690909,"Jlg (1939), Abermann et al. (2023)"
Wegener_RA90_1930-07-19,2327,71.19399,-48.5491,"Jlg (1939), Abermann et al. (2023)"
Wegener_RA95_1930-07-19,2328,71.19381,-48.4073,"Jlg (1939), Abermann et al. (2023)"
Wegener_RA100_1930-07-19,2329,71.19363,-48.2655,"Jlg (1939), Abermann et al. (2023)"
Wegener_RA105_1930-07-19,2330,71.19345,-48.123725,"Jlg (1939), Abermann et al. (2023)"
Wegener_RA110_1930-07-19,2331,71.19327,-47.98195,"Jlg (1939), Abermann et al. (2023)"
Wegener_RA115_1930-07-19,2332,71.19309,-47.840175,"Jlg (1939), Abermann et al. (2023)"
Wegener_RA120_1930-07-20,2333,71.19291,-47.6984,"Jlg (1939), Abermann et al. (2023)"
Wegener_RA125_1930-07-20,2334,71.192733,-47.5566,"Jlg (1939), Abermann et al. (2023)"
Wegener_RA130_1930-07-20,2335,71.192557,-47.4148,"Jlg (1939), Abermann et al. (2023)"
Wegener_RA135_1930-07-20,2336,71.19238,-47.273,"Jlg (1939), Abermann et al. (2023)"
Wegener_RA140_1930-07-20,2337,71.1922,-47.1313,"Jlg (1939), Abermann et al. (2023)"
Wegener_RA145_1930-07-21,2338,71.19202,-46.9895,"Jlg (1939), Abermann et al. (2023)"
Wegener_RA150_1930-07-21,2339,71.19184,-46.8477,"Jlg (1939), Abermann et al. (2023)"
Wegener_RA155_1930-07-21,2340,71.191663,-46.7059,"Jlg (1939), Abermann et al. (2023)"
Wegener_RA160_1930-07-21,2341,71.191487,-46.5641,"Jlg (1939), Abermann et al. (2023)"
Wegener_RA165_1930-07-21,2342,71.19131,-46.4223,"Jlg (1939), Abermann et al. (2023)"
Wegener_RA170_1930-07-22,2343,71.19113,-46.2806,"Jlg (1939), Abermann et al. (2023)"
Wegener_RA175_1930-07-22,2344,71.19095,-46.1388,"Jlg (1939), Abermann et al. (2023)"
Wegener_RA185_1930-07-22,2345,71.19059,-45.8552,"Jlg (1939), Abermann et al. (2023)"
Wegener_RA190_1930-07-22,2346,71.190413,-45.713433,"Jlg (1939), Abermann et al. (2023)"
Wegener_RA200_1930-07-23,2347,71.19006,-45.4299,"Jlg (1939), Abermann et al. (2023)"
Wegener_RA200_1930-07-24,2348,71.19006,-45.4299,"Jlg (1939), Abermann et al. (2023)"
Wegener_RA120_1930-07-25,2349,71.19291,-47.6984,"Jlg (1939), Abermann et al. (2023)"
Wegener_RA205_1930-07-24,2350,71.18988,-45.2881,"Jlg (1939), Abermann et al. (2023)"
Wegener_RA211_1930-07-24,2351,71.189664,-45.117944,"Jlg (1939), Abermann et al. (2023)"
Wegener_RA215_1930-07-24,2352,71.189522,-45.00452,"Jlg (1939), Abermann et al. (2023)"
Wegener_RA225_1930-07-25,2353,71.189166,-44.72096,"Jlg (1939), Abermann et al. (2023)"
Wegener_RA230_1930-07-25,2354,71.188988,-44.57918,"Jlg (1939), Abermann et al. (2023)"
Wegener_RA235_1930-07-25,2355,71.18881,-44.4374,"Jlg (1939), Abermann et al. (2023)"
Wegener_RA240_1930-07-25,2356,71.18863,-44.2956,"Jlg (1939), Abermann et al. (2023)"
Wegener_RA245_1930-07-25,2357,71.18845,-44.1538,"Jlg (1939), Abermann et al. (2023)"
Wegener_RA250_1930-07-26,2358,71.18827,-44.012,"Jlg (1939), Abermann et al. (2023)"
Wegener_RA255_1930-07-26,2359,71.18809,-43.8702,"Jlg (1939), Abermann et al. (2023)"
Wegener_RA260_1930-07-26,2360,71.187913,-43.728433,"Jlg (1939), Abermann et al. (2023)"
Wegener_RA265_1930-07-26,2361,71.187737,-43.586667,"Jlg (1939), Abermann et al. (2023)"
Wegener_RA270_1930-07-26,2362,71.18756,-43.4449,"Jlg (1939), Abermann et al. (2023)"
Wegener_RA285_1930-07-27,2363,71.18702,-43.0195,"Jlg (1939), Abermann et al. (2023)"
Wegener_RA290_1930-07-27,2364,71.186843,-42.877733,"Jlg (1939), Abermann et al. (2023)"
Wegener_RA310_1930-07-28,2365,71.18613,-42.3106,"Jlg (1939), Abermann et al. (2023)"
Wegener_RA315_1930-07-28,2366,71.18595,-42.1688,"Jlg (1939), Abermann et al. (2023)"
Wegener_RA350_1930-07-28,2367,71.184703,-41.176333,"Jlg (1939), Abermann et al. (2023)"
Wegener_RA350_1930-07-29,2368,71.184703,-41.176333,"Jlg (1939), Abermann et al. (2023)"
Wegener_RA25_1930-07-08,2369,71.19631,-50.3923,"Jlg (1939), Abermann et al. (2023)"
Wegener_RA25_1930-08-08,2370,71.19631,-50.3923,"Jlg (1939), Abermann et al. (2023)"
Wegener_RA30_1930-08-08,2371,71.196129,-50.250492,"Jlg (1939), Abermann et al. (2023)"
Wegener_RA35_1930-08-08,2372,71.195948,-50.108685,"Jlg (1939), Abermann et al. (2023)"
Wegener_RA40_1930-08-08,2373,71.195769,-49.966886,"Jlg (1939), Abermann et al. (2023)"
Wegener_RA50_1930-08-08,2374,71.195413,-49.683331,"Jlg (1939), Abermann et al. (2023)"
Wegener_RA60_1930-08-08,2375,71.195059,-49.399786,"Jlg (1939), Abermann et al. (2023)"
Wegener_RA70_1930-09-08,2376,71.1947,-49.116227,"Jlg (1939), Abermann et al. (2023)"
Wegener_RA75_1930-09-08,2377,71.194521,-48.974455,"Jlg (1939), Abermann et al. (2023)"
Wegener_RA80_1930-09-08,2378,71.194341,-48.832682,"Jlg (1939), Abermann et al. (2023)"
Wegener_RA90_1930-09-08,2379,71.19399,-48.5491,"Jlg (1939), Abermann et al. (2023)"
Wegener_RA95_1930-09-08,2380,71.19381,-48.4073,"Jlg (1939), Abermann et al. (2023)"
Wegener_RA100_1930-10-08,2381,71.19363,-48.2655,"Jlg (1939), Abermann et al. (2023)"
Wegener_RA120_1930-10-08,2382,71.19291,-47.6984,"Jlg (1939), Abermann et al. (2023)"
Wegener_RA130_1930-10-08,2383,71.192557,-47.4148,"Jlg (1939), Abermann et al. (2023)"
Wegener_RA135_1930-10-08,2384,71.19238,-47.273,"Jlg (1939), Abermann et al. (2023)"
Wegener_RA140_1930-11-08,2385,71.1922,-47.1313,"Jlg (1939), Abermann et al. (2023)"
Wegener_RA155_1930-11-08,2386,71.191663,-46.7059,"Jlg (1939), Abermann et al. (2023)"
Wegener_RA160_1930-11-08,2387,71.191487,-46.5641,"Jlg (1939), Abermann et al. (2023)"
Wegener_RA165_1930-11-08,2388,71.19131,-46.4223,"Jlg (1939), Abermann et al. (2023)"
Wegener_RA185_1930-12-08,2389,71.19059,-45.8552,"Jlg (1939), Abermann et al. (2023)"
Wegener_RA190_1930-12-08,2390,71.190413,-45.713433,"Jlg (1939), Abermann et al. (2023)"
Wegener_RA205_1930-08-13,2391,71.18988,-45.2881,"Jlg (1939), Abermann et al. (2023)"
Wegener_RA210_1930-08-13,2392,71.1897,-45.1463,"Jlg (1939), Abermann et al. (2023)"
Wegener_RA220_1930-08-13,2393,71.189344,-44.86274,"Jlg (1939), Abermann et al. (2023)"
Wegener_RA225_1930-08-13,2394,71.189166,-44.72096,"Jlg (1939), Abermann et al. (2023)"
Wegener_RA230_1930-08-13,2395,71.188988,-44.57918,"Jlg (1939), Abermann et al. (2023)"
Wegener_RA235_1930-08-13,2396,71.18881,-44.4374,"Jlg (1939), Abermann et al. (2023)"
Wegener_RA240_1930-08-14,2397,71.18863,-44.2956,"Jlg (1939), Abermann et al. (2023)"
Wegener_RA245_1930-08-14,2398,71.18845,-44.1538,"Jlg (1939), Abermann et al. (2023)"
Wegener_RA255_1930-08-14,2399,71.18809,-43.8702,"Jlg (1939), Abermann et al. (2023)"
Wegener_RA265_1930-08-14,2400,71.187737,-43.586667,"Jlg (1939), Abermann et al. (2023)"
Wegener_RA270_1930-08-15,2401,71.18756,-43.4449,"Jlg (1939), Abermann et al. (2023)"
Wegener_RA280_1930-08-15,2402,71.1872,-43.1613,"Jlg (1939), Abermann et al. (2023)"
Wegener_RA285_1930-08-15,2403,71.18702,-43.0195,"Jlg (1939), Abermann et al. (2023)"
Wegener_RA295_1930-08-15,2404,71.186667,-42.735967,"Jlg (1939), Abermann et al. (2023)"
Wegener_RA300_1930-08-15,2405,71.18649,-42.5942,"Jlg (1939), Abermann et al. (2023)"
Wegener_RA310_1930-08-16,2406,71.18613,-42.3106,"Jlg (1939), Abermann et al. (2023)"
Wegener_RA320_1930-08-16,2407,71.18577,-42.027,"Jlg (1939), Abermann et al. (2023)"
Wegener_RA325_1930-08-16,2408,71.185593,-41.885233,"Jlg (1939), Abermann et al. (2023)"
Wegener_RA330_1930-08-16,2409,71.185417,-41.743467,"Jlg (1939), Abermann et al. (2023)"
Wegener_RA335_1930-08-16,2410,71.18524,-41.6017,"Jlg (1939), Abermann et al. (2023)"
Wegener_RA345_1930-08-17,2411,71.18488,-41.3181,"Jlg (1939), Abermann et al. (2023)"
Wegener_RA350_1930-08-17,2412,71.184703,-41.176333,"Jlg (1939), Abermann et al. (2023)"
Wegener_RA360_1930-08-17,2413,71.18435,-40.8928,"Jlg (1939), Abermann et al. (2023)"
Wegener_RA370_1930-08-17,2414,71.18399,-40.6092,"Jlg (1939), Abermann et al. (2023)"
Wegener_RA380_1930-08-17,2415,71.18363,-40.3256,"Jlg (1939), Abermann et al. (2023)"
Wegener_RA385_1930-08-18,2416,71.18345,-40.1838,"Jlg (1939), Abermann et al. (2023)"
Wegener_RA65_1930-08-24,2417,71.19488,-49.258,"Jlg (1939), Abermann et al. (2023)"
Wegener_RA75_1930-09-29,2418,71.194521,-48.974455,"Jlg (1939), Abermann et al. (2023)"
Wegener_RA90_1930-09-30,2419,71.19399,-48.5491,"Jlg (1939), Abermann et al. (2023)"
Wegener_RA110_1930-01-10,2420,71.19327,-47.98195,"Jlg (1939), Abermann et al. (2023)"
Wegener_RA200_1931-08-06,2421,71.19006,-45.4299,"Jlg (1939), Abermann et al. (2023)"
Wegener_RA150_1931-12-06,2422,71.19184,-46.8477,"Jlg (1939), Abermann et al. (2023)"
Wegener_RA140_1931-06-14,2423,71.1922,-47.1313,"Jlg (1939), Abermann et al. (2023)"
Wegener_RA87_1931-06-24,2424,71.19409,-48.6342,"Jlg (1939), Abermann et al. (2023)"
Wegener_RA87_1931-06-25,2425,71.19409,-48.6342,"Jlg (1939), Abermann et al. (2023)"
Wegener_RA58_1931-09-07,2426,71.19513,-49.4565,"Jlg (1939), Abermann et al. (2023)"
Wegener_RA38_1931-11-07,2427,71.19584,-50.0236,"Jlg (1939), Abermann et al. (2023)"
NEEM07S3,2428,77.45,-51.06,Steen-Larsen et al. (2011)
NEEM2011S1,2429,77.45,-51.06,Sigl et al. (2013)
2009S2_Keegan,2430,77.45,-51.06,Baker et al. (2009)
NG2012,2431,75.016666,-42.533331,Freitag et al. (2021)               
ACT10A,2432,65.69671,-41.48068,Mige et al. (2013)
ACT10B,2433,65.77511,-41.86719,Mige et al. (2013)
ACT10C,2434,65.99971,-42.78305,Mige et al. (2013)
ACT11A2,2435,66.17926,-39.02047,Mige et al. (2013)
ACT11A,2436,66.18388,-39.07833,Mige et al. (2013)
ACT11B,2437,66.21741,-39.56583,Mige et al. (2013)
ACT11C,2438,66.29109,-40.7459,Mige et al. (2013)
ACT11D,2439,66.479422,-46.309558,Mige et al. (2013)
FA13A,2440,66.1812,-39.0435,Mige et al. (2013)
FA14,2441,66.1812,-39.0435,Mige et al. (2013)
GRIP,2446,72.566667,-37.616667," Johnsen, S. pers. comm. as in Spencer et al. (2001)"
Inge Lehmann,2457,77.95,-39.183333,Gow (1973) as in Spencer et al. (2001)
Site B,2506,70.659011,-35.478806,Clausen et al. (1988) as in Spencer et al. (2001)
Site E,2509,71.759261,-35.850531,Clausen et al. (1988) as in Spencer et al. (2001)
Site F,2510,71.492,-35.881231,Clausen et al. (1988) as in Spencer et al. (2001)
Site G,2511,71.15495,-35.837731,Clausen et al. (1988) as in Spencer et al. (2001)
Site A,2504,70.75,-35.958333, Alley (1987) as in Spencer et al. (2001)
"Site A, (Crete)",2505,70.634911,-35.82,Clausen et al. (1988) as in Spencer et al. (2001)
Site C,2507,70.677,-35.787,Clausen et al. (1988) as in Spencer et al. (2001)
Site H,2512,70.8651,-35.838131,Clausen et al. (1988) as in Spencer et al. (2001)
Eismitte,2456,71.75,-40.75,Bader (1954) as in Spencer et al. (2001)
Site D,2508,70.6398,-35.617806,Clausen et al. (1988) as in Spencer et al. (2001)
Site 2,2513,76.983333,-56.066667,Langway (1967) as in Spencer et al. (2001)
Camp Century,2443,77.183333,-61.166667,Kovacs et al. (1969) as in Spencer et al. (2001)
Dye3-11B-1984,2449,65.183333,-43.833333,"Clausen H.B., pers. comm. as in Spencer et al. (2001)"
Dye3-15B-1984,2450,65.183333,-43.833333,"Clausen H.B., pers. comm. as in Spencer et al. (2001)"
Dye3-16C-1984,2451,65.183333,-43.833333,"Clausen H.B., pers. comm. as in Spencer et al. (2001)"
Dye3-4B-1983,2452,65.183333,-43.833333,"Clausen H.B., pers. comm. as in Spencer et al. (2001)"
Dye3-5B-1984,2453,65.183333,-43.833333,"Clausen H.B., pers. comm. as in Spencer et al. (2001)"
Dye3-9B-1984,2454,65.183333,-43.833333,"Clausen H.B., pers. comm. as in Spencer et al. (2001)"
Dye3-station1-1983,2455,65.183333,-43.833333,"Clausen H.B., pers. comm. as in Spencer et al. (2001)"
EastGRIP,2531,75.623,-35.96,Vallelonga et al. (2014)
NGRIP_1999,2532,75.1,-42.32,Vallelonga et al. (2014)
2022-T3-15m,2533,69.780517,-47.676983,Harper and Humphrey (2022)
2022-T3-25m,2534,69.7804,-47.677233,Harper and Humphrey (2022)
2022-T3-6m,2535,69.783083,-47.668167,Harper and Humphrey (2022)
2022-T3-7m,2536,69.7807,-47.676717,Harper and Humphrey (2022)
2022-T4-25m,2537,69.820067,-47.450917,Harper and Humphrey (2022)
2018-CP-30m,2538,69.87675,-47.010867,Harper and Humphrey (2023)
2018-T5-30m,2539,69.848067,-47.274017,Harper and Humphrey (2023)
2019-T2minus-32m,2540,69.753783,-47.912117,Harper and Humphrey (2023)
2019-T2-32m,2541,69.756917,-47.880283,Harper and Humphrey (2023)
2019-T3-32m,2542,69.7817,-47.668367,Harper and Humphrey (2023)
2019-T4-32m,2543,69.82005,-47.45045,Harper and Humphrey (2023)
DYE-2,2544,66.4726,-46.282983,Reed (1966)
Camp Century (Core B62),2545,77.1714,-61.0778,Colgan et al. (2018)
FS4_20m,2546,67.01054,-46.81676,Clerx et al. (2022)
FS4_5m,2547,67.01057,-46.81684,Clerx et al. (2022)
FS5_20m,2548,67.01022,-46.46523,Clerx et al. (2022)
FS5_5m,2549,67.01028,-46.46527,Clerx et al. (2022)
FS2_12m,2550,66.98605,-47.23809,Clerx et al. (2022)
SE-Dome II (bulk),2551,67.19,-36.47,Kawakami et al. (2023)
SE-Dome II (X-ray),2552,67.19,-36.47,Kawakami et al. (2023)
Summit_EUROCORE,2561,72.58,-37.64,"Fourteau (2019a,b,c)"
